36,100,80
636,360,4
156,196,46
36,104,220
36,108,44
284,320,6
336,340,10
380,600,2
312,300,12
256,192,34
336,344,6
352,472,2
284,324,12
180,132,40
232,152,16
112,32,2
312,304,10
40,20,24
256,196,22
336,348,2
284,328,8
180,136,26
232,156,20
112,36,8
40,24,42
312,308,8
40,28,110
736,368,2
368,200,2
368,204,4
332,160,2
280,140,4
412,312,2
368,208,4
436,356,8
188,500,4
332,164,2
384,336,4
184,80,32
280,144,6
516,508,4
308,672,2
332,168,2
184,84,16
280,148,14
616,500,2
256,656,2
204,484,2
100,292,4
184,88,28
skill\神通降魔89301\神通降魔89301_下层.fsi,,28
468,212,2
108,60,80
580,620,2
36,52,72
108,64,80
580,624,4
36,56,10
484,348,2
108,68,74
212,300,38
988,556,2
304,492,2
184,324,4
236,344,2
132,152,120
436,816,2
212,304,14
716,512,2
236,348,6
304,496,2
132,156,112
332,628,2
212,308,8
204,944,2
36,112,16
36,116,16
268,200,12
416,500,2
336,352,6
284,332,8
180,140,40
268,204,14
232,160,16
112,40,2
312,312,20
352,484,2
284,336,4
180,144,44
268,208,12
232,164,20
312,316,2
40,32,152
112,44,10
736,372,2
684,352,2
352,88,2
180,148,60
232,168,28
40,36,248
112,48,8
84,100,212
84,104,286
84,108,370
368,212,4
436,360,6
488,532,2
360,300,2
368,216,2
436,364,2
280,152,10
360,304,8
384,348,2
184,92,22
280,156,12
436,368,4
412,328,2
360,308,46
984,836,2
184,96,54
112,304,4
812,348,4
112,308,2
588,540,2
36,60,10
108,72,84
536,376,4
168,200,26
108,76,56
36,64,26
36,68,6
236,352,4
168,204,28
132,160,242
212,312,4
236,356,2
168,208,36
132,164,174
212,316,8
132,168,102
568,228,2
36,120,6
36,124,4
36,128,10
336,360,6
284,340,6
268,212,16
260,300,6
416,512,2
312,320,4
336,364,4
284,344,6
180,152,62
268,216,22
232,172,26
260,304,2
312,324,4
40,40,5350
112,52,20
736,380,4
336,368,6
284,348,6
180,156,142
232,176,54
256,56,2
260,308,24
40,44,168
312,328,10
112,56,50
660,324,4
40,48,106
84,112,402
712,348,4
84,116,384
368,220,2
516,520,2
464,500,2
488,544,2
436,372,60
332,180,2
280,160,20
464,504,2
360,312,6
368,228,2
436,376,8
280,164,6
384,356,2
464,508,2
412,336,4
280,168,12
136,356,2
112,316,2
536,380,2
484,360,2
512,336,2
108,80,60
380,172,2
432,192,2
468,236,2
536,384,2
108,84,82
36,72,16
356,680,2
36,76,32
108,88,114
236,360,6
168,212,66
316,512,38
212,320,14
460,328,2
236,364,4
184,344,2
132,172,158
168,216,44
160,304,4
212,324,8
612,340,2
132,176,78
184,348,6
236,368,6
212,328,4
160,308,4
716,536,4
36,132,54
584,372,4
268,220,22
268,224,20
284,352,6
336,372,8
232,180,24
180,160,56
416,524,2
312,332,4
112,60,100
260,312,6
232,184,36
336,376,4
284,356,8
180,164,70
268,228,26
312,336,6
40,52,53
112,64,120
260,316,2
232,188,54
180,168,56
256,68,2
40,56,52
112,68,70
84,120,442
84,124,376
84,128,354
368,232,2
436,380,2
384,360,4
412,340,2
436,384,2
332,192,2
384,364,6
280,172,12
984,852,2
384,368,2
280,176,8
436,388,2
360,328,4
260,40,2
512,344,2
588,560,2
536,392,2
108,92,118
36,80,36
988,580,2
468,248,2
588,568,4
36,84,60
108,96,104
168,220,48
460,336,2
580,656,2
236,372,2
36,88,50
168,224,22
132,180,56
212,332,8
skill\四海升平89307\四海升平89307.fsi,,38
168,228,22
132,184,56
160,316,2
212,336,6
316,528,2
132,188,80
716,548,2
36,148,2
336,380,2
584,388,2
268,232,12
260,320,4
312,340,2
284,364,4
180,172,110
336,384,4
268,236,20
232,192,50
364,516,2
312,344,2
40,60,26
260,324,4
112,72,82
88,20,50
284,368,2
180,176,70
232,196,28
256,76,2
260,328,2
40,64,78
312,348,10
112,76,90
88,24,20
40,68,62
88,28,12
84,132,380
84,136,424
368,240,8
1368,916,2
344,200,8
368,244,2
384,372,2
280,180,10
436,392,2
360,332,2
436,396,2
280,184,22
344,208,2
280,188,14
232,652,2
460,340,2
468,256,2
380,192,2
36,92,74
484,388,2
236,380,4
168,232,24
36,96,26
212,340,2
236,384,4
168,236,8
132,192,62
316,536,2
612,360,2
544,212,2
132,196,60
212,348,4
160,328,2
544,216,2
88,324,2
584,392,4
584,396,2
268,240,20
364,520,6
244,200,14
284,372,4
268,244,10
336,392,2
180,180,54
364,524,6
260,332,8
244,204,12
112,80,86
748,412,4
180,184,44
268,248,38
312,356,2
244,208,16
112,84,62
40,72,50
88,32,36
180,188,64
112,88,80
40,76,28
88,36,20
84,140,306
60,100,240
740,508,2
84,144,194
60,104,166
84,148,242
368,252,4
60,108,138
516,552,2
344,212,6
360,340,4
412,360,2
728,100,2
36,616,2
368,256,2
384,384,2
280,192,18
464,536,2
344,216,4
728,104,2
384,388,6
280,196,16
360,348,4
412,368,4
548,400,2
548,404,4
468,260,6
548,408,2
260,68,2
468,264,18
512,368,2
468,268,8
168,240,14
144,200,34
168,244,14
212,352,12
144,204,26
236,396,2
168,248,22
280,656,2
212,356,16
144,208,32
348,400,2
36,168,6
268,252,6
284,380,10
260,340,2
348,404,2
244,212,20
680,1036,2
284,384,4
180,192,30
268,256,10
312,364,4
244,216,12
112,92,98
40,80,74
88,40,18
180,196,46
312,368,2
256,96,2
260,348,4
112,96,190
40,84,88
88,44,24
40,88,142
88,48,42
84,152,122
60,112,202
84,156,184
36,620,2
368,260,10
60,116,176
516,560,2
344,220,2
464,540,2
292,200,6
368,264,2
384,392,2
464,544,2
360,352,8
344,224,6
292,204,8
384,396,2
344,228,4
516,568,2
360,356,6
292,208,10
412,376,8
392,200,4
444,220,2
548,412,2
260,72,4
164,32,2
392,204,2
444,224,2
548,416,2
468,272,2
392,208,2
92,24,14
444,228,2
512,376,2
468,276,2
92,28,24
248,400,2
460,364,2
168,252,14
144,212,14
948,448,2
168,256,4
212,364,2
248,408,2
144,216,12
596,404,2
212,368,2
568,276,2
596,408,4
64,300,2
64,308,2
348,412,4
192,200,38
244,220,22
340,500,8
268,264,12
284,392,2
312,372,4
348,416,2
260,352,6
244,224,14
192,204,22
284,396,4
268,268,12
416,568,2
312,376,6
40,92,92
192,208,36
244,228,10
88,52,56
40,96,36
84,160,140
88,56,24
592,228,2
660,376,2
60,120,266
84,164,156
60,124,266
396,400,4
84,168,80
60,128,234
360,360,2
396,404,2
292,212,10
368,276,4
396,408,2
344,236,2
360,364,4
292,216,10
148,404,2
360,368,4
412,388,4
548,424,2
112,368,2
468,280,4
92,32,10
512,384,2
444,236,4
260,88,2
468,284,2
164,48,2
92,36,26
328,52,2
776,112,4
948,452,2
468,288,2
168,260,6
708,1020,2
144,220,26
168,264,4
144,224,16
568,280,2
716,580,2
596,412,2
168,268,6
144,228,12
568,284,2
716,584,2
612,392,4
596,416,2
560,372,2
36,180,2
560,376,2
36,184,2
12,144,2
296,400,4
348,420,6
228,100,6
268,272,14
296,404,2
312,380,4
228,104,10
192,212,18
244,232,22
268,276,10
312,384,6
348,428,10
244,236,24
228,108,12
192,216,18
1512,1236,2
88,60,80
260,368,2
312,388,8
88,64,76
88,68,118
84,172,76
328,104,2
60,132,98
84,176,102
60,136,108
464,560,2
344,240,4
292,220,12
368,284,4
412,392,2
344,244,2
396,416,2
360,372,4
292,224,6
368,288,36
960,860,2
360,376,4
292,228,8
140,500,34
392,220,8
188,588,8
112,376,2
392,224,2
92,40,6
420,204,2
392,228,2
164,56,14
92,44,18
328,60,2
420,208,2
32,464,2
468,296,4
92,48,16
128,100,146
16,12,26
168,272,4
196,404,2
460,388,4
248,424,10
144,232,10
128,104,156
16,16,110
168,276,2
248,428,2
144,236,18
128,108,190
544,252,2
560,380,4
596,424,2
624,404,2
64,320,2
560,384,16
268,280,12
348,432,12
228,112,2
192,220,30
244,240,18
268,284,8
296,416,2
244,244,20
348,436,4
260,372,4
312,392,6
192,224,28
228,116,2
1512,1244,2
268,288,8
260,376,16
416,588,2
244,248,12
312,396,2
192,228,18
88,72,116
88,76,132
84,180,64
328,112,2
60,140,84
320,200,2
84,184,36
60,144,50
276,100,2
84,188,52
368,292,2
60,148,76
396,424,4
276,104,2
320,208,2
344,252,4
292,232,10
396,428,6
344,256,2
276,108,8
360,384,2
188,592,2
360,388,4
376,100,8
188,596,6
164,60,12
376,104,2
392,232,6
392,236,4
164,64,12
564,576,2
92,52,34
164,68,28
92,56,28
460,392,2
16,20,46
168,280,2
144,240,10
128,112,290
16,24,36
120,200,60
168,284,2
144,244,4
128,116,244
16,28,16
120,204,44
664,580,4
476,112,4
168,288,4
624,412,6
212,396,2
144,248,4
120,208,46
48,200,2
492,244,2
effects\辅助2.fsi,,28
64,332,2
220,200,24
112,848,2
48,208,2
348,440,12
176,100,20
220,204,36
228,120,14
12,168,2
268,292,18
260,380,6
244,252,12
348,444,4
220,208,34
228,124,4
192,232,20
176,104,34
268,296,26
260,384,4
296,428,2
348,448,6
192,236,18
244,256,12
176,108,64
228,128,10
88,80,168
260,388,4
88,84,206
328,120,2
88,88,240
84,192,50
568,764,2
60,152,110
320,212,4
20,12,28
84,196,26
60,156,60
396,432,2
20,16,80
276,112,8
320,216,4
344,260,10
292,240,6
396,436,2
276,116,16
360,392,2
344,264,6
360,396,4
344,268,14
292,248,4
944,756,2
392,240,6
524,412,4
392,244,2
92,60,72
164,72,20
540,544,2
392,248,4
92,64,76
164,76,28
420,228,2
92,68,124
128,120,180
1024,604,2
16,32,12
224,400,2
168,292,6
144,252,6
328,88,4
128,124,170
88,4,2
16,36,6
224,404,2
120,212,26
596,440,2
168,296,2
144,256,16
128,128,216
224,408,8
120,216,40
492,252,2
572,404,2
504,104,4
492,256,2
40,300,2
624,428,2
572,408,4
324,400,6
324,404,6
220,212,42
364,580,2
244,260,10
324,408,4
296,432,6
348,452,8
220,216,26
176,112,26
228,132,12
192,240,44
348,456,2
296,436,6
176,116,26
228,136,14
192,244,44
244,264,12
effects\magic_攻击类.fsi,,36
244,268,8
192,248,10
88,92,202
96,200,18
88,96,162
592,268,2
448,452,2
96,204,6
60,160,54
320,220,4
20,20,112
96,208,4
60,164,10
440,544,2
20,24,82
320,224,14
396,440,2
276,120,4
60,168,38
396,444,4
20,28,44
276,124,2
292,252,2
344,272,2
344,276,2
396,448,2
276,128,2
292,256,24
148,444,76
376,120,2
496,440,4
148,448,4
444,272,2
164,80,22
420,232,2
496,448,2
444,276,2
392,256,2
164,84,18
92,72,112
420,236,2
164,88,44
92,76,112
16,40,6
128,132,184
144,260,8
16,44,2
224,412,2
120,220,36
160,392,2
708,1064,2
144,264,6
128,136,210
120,224,24
144,268,12
120,228,38
492,268,8
48,224,2
220,220,28
348,460,4
296,440,12
228,140,10
176,120,26
220,224,30
244,272,6
296,444,16
228,144,20
192,252,16
176,124,38
220,228,46
168,760,2
348,468,2
296,448,8
228,148,10
192,256,6
244,276,10
176,128,34
328,140,2
96,212,6
372,400,2
700,408,4
332,84,4
96,216,4
60,172,2
320,232,2
372,404,2
424,424,2
20,32,14
332,88,2
60,176,8
424,428,4
304,108,2
20,36,24
344,280,2
320,236,8
292,260,16
276,132,10
292,264,28
396,456,4
276,136,4
148,452,2
292,268,50
628,620,2
508,300,2
428,152,2
392,260,2
164,92,82
92,80,148
524,436,4
444,288,2
164,96,84
92,84,170
392,268,2
92,88,202
128,140,170
16,52,4
104,100,190
1064,796,2
128,144,202
16,56,2
120,232,24
104,104,212
572,420,4
144,276,2
128,148,198
120,236,12
104,108,208
492,272,18
504,124,4
544,296,2
272,400,2
204,100,20
324,420,4
48,236,2
324,424,6
204,104,16
220,232,28
272,408,2
296,452,4
348,472,2
244,280,10
192,260,6
176,132,50
220,236,10
228,152,20
204,108,16
348,476,2
296,456,4
228,156,16
244,284,8
176,136,44
192,268,34
244,288,2
236,44,2
96,220,6
332,92,2
328,152,2
96,224,14
60,180,2
620,268,2
20,40,24
304,112,2
372,412,2
320,240,6
424,432,6
448,476,4
332,96,4
60,184,2
96,228,6
320,244,4
424,436,2
20,44,10
304,116,2
276,140,6
372,416,2
396,460,6
60,188,12
20,48,4
292,272,14
276,144,2
320,248,8
396,468,2
276,148,4
344,296,2
292,276,8
728,184,2
772,444,8
148,464,2
376,140,2
352,100,2
772,448,8
148,468,2
444,292,20
592,744,2
420,252,6
444,296,2
548,488,2
92,92,244
328,612,2
472,428,2
524,448,2
92,96,292
144,280,2
128,152,114
120,240,26
104,112,178
196,456,2
128,156,128
224,436,2
120,244,12
104,116,268
492,280,4
608,324,2
452,112,4
600,412,4
120,248,8
48,240,2
452,116,2
572,436,2
308,300,12
48,244,6
324,432,2
220,240,22
308,304,18
204,112,24
24,208,2
272,416,2
176,140,28
220,244,8
308,308,14
228,160,16
204,116,16
192,272,16
348,484,4
244,292,6
176,144,48
220,248,12
228,164,18
708,332,2
672,440,2
348,488,2
192,276,8
244,296,4
176,148,70
228,168,20
328,160,6
96,232,6
424,440,6
408,312,2
700,428,4
400,400,26
160,876,4
96,236,14
424,444,10
20,52,4
252,104,8
648,956,2
400,404,2
328,168,2
20,56,4
304,128,2
252,108,24
292,280,6
372,428,4
276,152,10
320,256,6
292,284,6
276,156,4
108,300,2
148,472,2
292,288,6
1200,72,40
108,304,6
456,300,2
124,436,2
108,308,2
392,280,2
420,260,2
472,432,2
592,752,2
500,412,2
376,156,2
420,264,8
472,436,2
208,300,16
524,456,2
500,416,2
392,288,4
420,268,4
328,628,6
208,308,10
128,160,114
1076,816,2
224,440,4
104,120,300
196,464,2
128,164,138
16,76,2
224,444,2
120,252,4
104,124,262
128,168,46
224,448,4
120,256,6
104,128,246
492,292,2
504,144,2
48,252,4
520,276,2
324,440,2
272,420,6
152,100,80
308,312,14
204,120,26
300,400,6
64,384,4
48,256,2
324,444,4
308,316,4
220,252,10
152,104,86
204,124,24
300,404,2
64,388,4
192,280,2
272,428,4
324,448,2
296,472,2
228,172,24
176,152,72
220,256,4
152,108,74
204,128,28
300,408,2
656,320,8
176,156,56
228,176,16
192,284,8
656,324,6
700,432,4
192,288,12
96,240,6
68,12,24
656,328,2
408,320,2
356,300,10
72,200,4
160,884,6
236,68,2
96,244,2
328,172,2
68,16,6
304,132,4
252,112,24
648,964,2
320,260,8
356,304,6
72,204,14
160,888,8
96,248,2
328,176,6
304,136,6
320,264,4
408,328,2
356,308,4
276,160,12
252,116,14
276,164,16
292,292,10
292,296,4
276,168,4
124,440,2
108,312,2
1028,836,2
108,316,10
508,332,2
392,292,2
456,316,2
240,40,2
524,464,2
472,444,2
392,296,2
208,312,4
620,748,2
208,316,4
156,300,2
128,172,84
156,304,4
120,260,4
104,132,260
608,340,2
128,176,92
104,136,214
skill\地蕴五毒89303\地蕴五毒89303.fsi,,38
120,268,2
376,620,2
256,300,2
308,320,16
376,624,2
256,304,8
272,432,2
324,452,2
308,324,4
152,112,146
204,132,20
220,260,16
300,412,8
376,628,2
272,436,2
324,456,8
308,328,10
152,116,100
228,180,26
204,136,32
176,160,74
220,264,10
300,416,2
228,184,18
192,292,12
176,164,102
220,268,12
192,296,2
228,188,32
176,168,78
236,72,2
68,20,6
160,892,2
96,252,4
328,180,4
424,460,2
68,24,2
372,440,2
408,332,2
252,120,12
356,312,6
400,420,2
96,256,2
328,184,4
20,72,2
68,28,8
72,216,2
320,272,14
372,444,2
252,124,16
356,316,6
328,188,4
252,128,12
372,448,2
396,492,4
424,468,2
304,148,2
276,172,6
320,276,14
276,176,10
176,620,2
108,320,8
148,496,2
496,492,4
420,280,4
496,496,4
208,320,10
508,348,2
208,324,6
420,288,2
208,328,4
128,180,84
1024,664,2
156,312,2
172,440,4
104,140,254
196,484,2
128,184,30
104,144,208
1000,628,2
608,352,2
128,188,50
172,448,2
104,148,202
624,484,2
520,296,4
256,312,2
272,440,2
204,140,38
152,120,106
300,420,2
256,316,2
308,336,6
272,444,4
220,272,8
204,144,24
152,124,80
300,424,4
272,448,4
176,172,136
220,276,4
152,128,92
228,192,30
204,148,34
176,176,162
228,196,14
172,900,4
576,192,2
172,904,4
72,220,2
356,320,2
68,32,24
96,264,2
424,472,2
320,280,16
408,344,2
68,36,54
356,324,6
304,152,12
400,432,2
96,268,2
328,196,2
20,84,2
252,136,4
320,284,10
356,328,6
276,180,12
304,156,8
400,436,16
effects\蓄力.fsi,,30
20,88,2
320,288,8
276,184,14
276,188,12
1420,960,2
108,336,2
576,652,2
576,656,12
384,60,4
352,144,2
420,292,2
508,356,2
240,60,2
352,148,4
472,468,16
524,488,4
144,24,24
72,12,4
208,336,4
304,616,2
72,16,12
196,492,4
128,192,48
156,324,4
104,152,144
704,640,2
128,196,50
156,328,2
120,284,2
104,156,128
404,84,2
532,304,2
600,452,4
120,288,2
608,368,2
256,320,4
48,284,18
256,324,6
308,344,2
220,280,10
152,132,84
204,152,28
48,288,6
220,284,2
324,476,2
308,348,6
256,328,2
176,180,142
152,136,90
204,156,28
300,436,2
176,184,44
220,288,46
176,188,70
708,376,2
672,484,2
68,40,56
56,100,340
700,464,2
236,96,8
304,160,10
372,460,6
408,352,4
252,140,8
68,44,136
56,104,214
400,440,8
304,164,4
252,144,12
408,356,10
372,464,6
320,292,12
68,48,98
20,92,20
56,108,132
304,168,6
372,468,4
276,192,8
320,296,12
252,148,18
20,96,16
1172,1148,2
276,196,22
576,660,12
432,300,2
124,476,4
576,664,24
472,472,24
524,492,2
508,364,2
472,476,2
404,176,2
208,340,2
352,156,2
72,20,10
208,344,4
240,76,2
72,24,4
144,36,4
72,28,2
104,160,78
120,292,4
156,336,2
104,164,68
608,372,2
600,460,2
120,296,2
172,468,2
104,168,32
488,208,2
76,420,2
324,480,2
256,332,10
152,140,106
204,160,42
300,440,10
256,336,6
220,292,12
152,144,82
204,164,36
300,444,18
324,488,2
176,192,44
220,296,6
152,148,110
204,168,40
300,448,4
752,636,2
176,196,106
96,280,4
408,360,2
68,52,106
56,112,86
332,300,4
372,472,2
408,364,2
68,56,106
252,152,14
304,172,18
56,116,76
400,452,10
332,304,12
96,288,2
72,248,2
372,476,2
356,348,2
408,368,4
252,156,10
304,176,6
400,456,4
332,308,10
108,352,2
124,480,4
388,200,2
536,500,2
124,484,6
124,488,12
352,164,4
456,356,2
508,376,4
500,464,6
208,352,14
144,44,2
500,468,6
72,32,16
832,336,2
328,676,4
208,356,2
156,340,2
1128,884,2
72,36,36
104,172,22
1052,828,2
308,60,2
480,300,2
156,348,2
104,176,28
480,304,2
600,472,2
256,340,4
308,360,2
532,328,2
480,308,2
232,300,4
324,492,2
256,344,6
152,152,116
204,172,52
232,304,8
300,452,2
324,496,2
256,348,2
308,368,4
152,156,98
204,176,38
232,308,4
752,644,2
588,220,2
288,200,10
56,120,168
68,60,70
580,316,2
288,204,4
252,160,16
304,180,12
56,124,156
68,64,136
332,312,2
400,460,6
356,356,4
252,164,28
408,376,2
304,184,8
56,128,130
68,68,196
288,208,14
400,464,4
332,316,8
304,188,2
252,168,26
400,468,2
124,492,10
508,380,2
388,212,4
380,300,28
432,320,4
108,368,2
124,496,6
472,492,2
388,216,2
508,384,2
500,472,2
432,324,2
380,304,2
240,92,2
208,360,4
384,92,2
404,196,8
500,476,2
380,308,2
144,52,2
672,968,2
72,40,86
432,328,2
208,364,4
240,96,2
144,56,10
72,44,70
132,308,4
72,48,62
104,180,38
156,356,2
104,184,36
104,188,42
488,228,6
556,376,4
188,200,36
532,336,4
584,508,2
272,480,2
256,352,4
308,372,2
204,180,44
188,204,48
152,160,96
336,504,2
300,460,2
232,312,8
308,376,10
204,184,36
188,208,28
152,164,90
232,316,4
204,188,22
152,168,62
616,208,2
580,324,2
356,360,2
68,72,72
288,212,6
56,132,58
280,300,10
332,320,14
356,364,2
372,492,2
68,76,90
288,216,2
252,172,20
304,192,26
56,136,42
400,472,2
280,304,4
332,324,6
408,388,2
252,176,16
304,196,4
312,56,2
400,476,4
280,308,12
332,328,12
100,452,2
680,328,2
388,220,2
388,224,2
352,180,2
380,312,4
508,396,2
144,60,6
352,188,2
200,460,2
1008,580,2
144,64,22
72,52,48
132,316,2
144,68,10
72,56,102
200,468,2
104,192,26
488,232,10
104,196,20
556,384,2
52,404,2
556,388,2
256,360,2
308,380,4
188,212,34
180,300,4
232,320,4
308,384,2
188,216,8
152,172,54
204,192,56
232,324,2
616,212,2
308,388,2
272,496,2
152,176,80
204,196,36
232,328,4
300,476,2
180,308,2
68,80,170
288,220,2
56,140,54
316,200,10
356,372,2
408,392,2
68,84,174
288,224,14
252,180,22
56,144,10
436,524,2
280,312,6
332,332,22
316,204,4
356,376,2
288,228,40
skill\连珠火箭89304\连珠火箭89304.fsi,,36
932,820,2
408,396,4
68,88,198
252,184,14
56,148,16
316,208,2
136,500,44
332,336,10
400,484,2
280,316,4
252,188,24
100,468,2
692,1012,2
432,340,4
352,192,2
388,236,4
432,344,2
352,196,2
456,388,8
432,348,2
144,72,30
72,60,94
208,384,2
132,324,14
144,76,22
72,64,88
304,668,2
72,68,130
488,244,28
556,392,4
532,352,2
188,220,24
284,500,4
532,356,4
216,200,24
256,372,8
308,392,2
188,224,10
152,180,60
216,204,26
256,376,14
188,228,10
152,184,52
180,316,4
232,336,2
284,508,2
216,208,32
152,188,76
32,100,10
712,508,2
32,104,90
356,380,2
32,108,28
68,92,260
288,232,8
56,152,42
316,212,2
332,340,6
280,320,6
356,384,8
68,96,320
288,236,16
252,192,24
56,156,48
332,344,4
316,216,4
400,492,2
280,324,2
732,360,2
956,872,4
356,388,2
252,196,36
332,348,2
280,328,14
732,368,4
388,240,6
364,200,6
388,244,2
456,392,2
416,224,2
380,332,4
388,248,2
184,500,2
116,200,28
144,80,28
304,672,2
184,504,6
200,480,2
132,332,2
116,204,34
144,84,72
72,72,100
980,828,2
156,380,2
116,208,18
144,88,58
72,76,160
156,384,4
200,488,2
488,256,2
480,344,2
256,380,22
188,232,42
232,340,4
216,212,24
256,384,12
152,192,32
188,236,46
232,344,2
300,492,2
216,216,28
152,196,34
232,348,6
32,112,18
292,68,2
32,116,18
56,160,22
288,240,6
316,220,10
264,200,16
356,392,4
56,164,8
288,244,8
384,524,2
316,224,6
436,544,2
280,332,10
264,204,10
216,40,2
412,504,2
56,168,4
436,548,2
316,228,14
280,336,10
264,208,18
412,508,2
732,372,2
216,48,2
732,376,2
80,100,360
80,104,348
512,504,4
388,252,2
80,108,292
416,232,4
380,340,4
388,256,2
432,364,2
364,216,2
380,344,2
416,236,2
748,104,2
144,92,52
72,80,188
432,368,4
116,212,36
288,96,2
144,96,46
72,84,168
116,216,30
72,88,168
464,220,2
488,264,2
532,372,2
188,240,34
480,356,2
164,200,24
216,220,24
256,392,2
188,244,34
232,352,4
164,204,24
216,224,20
256,396,2
188,248,14
232,356,2
180,336,4
164,208,46
216,228,32
312,508,2
564,228,2
32,120,2
632,376,2
580,364,2
368,400,4
32,128,8
56,172,4
288,252,4
384,532,4
316,232,8
264,212,26
368,404,2
332,360,2
280,340,4
288,256,18
316,236,4
332,364,2
384,536,2
264,216,18
280,344,4
280,348,6
332,368,2
732,384,2
80,112,302
512,512,16
388,260,2
80,116,428
416,240,2
364,224,2
468,416,12
388,268,4
416,248,2
432,376,4
364,228,2
116,220,36
132,352,2
72,92,192
116,224,44
116,228,14
72,96,278
488,272,2
636,572,2
532,380,4
488,276,2
268,400,4
188,252,12
352,680,2
180,340,2
164,212,62
232,360,2
216,232,26
188,256,4
960,536,2
216,236,10
180,344,4
232,364,6
164,216,84
632,380,2
232,368,10
32,132,12
580,372,2
32,136,4
196,48,2
56,180,18
288,260,12
368,412,2
316,240,4
264,220,14
288,264,40
280,352,6
368,416,2
264,224,12
316,244,4
768,432,4
288,268,26
56,188,6
316,248,2
264,228,18
280,356,8
332,376,6
768,436,8
48,12,66
1284,1228,2
48,16,24
80,120,338
640,208,2
80,124,330
468,420,4
388,272,4
80,128,388
364,232,2
348,104,2
388,276,4
380,364,2
364,236,4
380,368,44
116,232,20
116,236,10
488,280,2
584,560,2
488,284,2
516,264,2
488,288,2
188,260,6
584,568,4
164,220,34
216,240,18
188,264,8
232,372,2
164,224,22
216,244,14
312,524,2
188,268,6
960,548,2
660,520,2
164,228,18
216,248,18
292,92,2
32,140,2
196,52,6
832,868,2
156,872,2
292,96,4
588,296,2
196,56,28
248,100,4
580,384,4
368,420,4
56,192,2
32,148,2
288,272,18
4,20,2
580,388,2
280,360,4
332,380,2
264,232,14
316,252,6
248,104,10
288,276,22
280,364,2
248,108,6
368,428,6
264,236,12
316,256,12
48,20,30
4,28,4
280,368,2
48,24,14
744,408,2
48,28,26
80,132,406
388,280,4
80,136,328
416,260,6
364,240,2
388,284,2
364,244,10
380,372,2
416,264,2
416,268,4
380,376,6
116,240,14
116,244,6
448,112,4
132,376,2
116,248,8
448,116,4
440,204,2
460,96,2
584,572,2
268,420,4
148,100,62
188,272,10
180,360,12
216,252,2
148,104,92
164,232,24
188,276,8
232,384,6
268,428,2
216,256,4
148,108,62
164,236,36
668,444,2
736,592,2
232,388,2
84,320,2
196,60,76
196,64,4
32,156,2
196,68,10
288,280,62
264,240,2
248,112,10
368,432,4
316,260,8
360,520,8
240,200,18
156,888,4
288,284,10
368,436,2
332,392,2
280,372,10
316,264,6
248,116,8
264,244,28
360,524,4
216,80,2
240,204,18
768,452,12
288,288,14
332,396,2
280,376,8
316,268,14
264,248,8
240,208,10
48,32,96
80,140,258
48,36,148
340,200,4
80,144,192
296,100,2
468,440,2
80,148,214
416,272,2
364,252,2
340,208,2
380,380,6
388,296,4
416,276,2
364,256,4
132,380,4
116,252,2
380,388,8
1484,1100,2
764,276,2
544,400,2
116,256,8
544,404,2
skill\夺魄一刀89308\夺魄一刀89308_上层.fsi,,28
220,64,4
568,448,2
464,260,4
52,12,26
440,216,20
220,68,6
516,284,2
52,16,14
188,280,4
268,432,2
148,112,100
164,240,12
216,260,2
140,200,64
232,392,2
216,264,2
148,116,70
164,244,26
140,204,30
188,288,2
232,396,2
164,248,16
216,268,4
140,208,24
548,136,2
68,200,2
196,72,4
196,76,16
368,440,2
196,100,12
248,120,6
344,400,2
288,292,4
264,252,2
368,444,2
280,380,22
248,124,4
196,104,20
316,272,8
240,212,10
344,404,2
288,296,6
368,448,2
280,384,10
248,128,2
264,256,6
196,108,32
316,276,12
344,408,2
216,92,6
240,216,16
48,40,130
280,388,2
216,96,8
48,44,136
444,400,2
616,740,2
48,48,554
80,152,164
340,212,4
80,156,148
416,280,2
588,772,2
340,216,2
364,260,10
296,112,6
364,264,2
380,392,4
296,116,2
effects\攻击3.fsi,,28
416,288,2
380,396,4
116,260,4
364,268,2
132,392,2
116,264,2
440,220,22
52,20,8
440,224,16
516,292,8
52,24,4
440,228,2
268,440,2
516,296,12
52,28,20
148,120,70
772,104,2
188,292,8
268,444,2
164,252,2
216,272,8
148,124,76
140,212,22
772,108,2
188,296,6
164,256,6
216,276,12
148,128,118
140,216,18
592,404,2
84,340,2
196,80,20
712,576,2
592,408,2
68,216,2
196,84,28
32,176,4
196,88,16
60,308,2
316,280,6
368,452,4
248,132,4
264,260,14
196,112,14
344,412,8
240,220,10
264,264,18
4,52,4
368,456,2
280,392,12
248,136,8
196,116,32
316,284,14
240,224,18
264,268,10
280,396,8
316,288,16
240,228,18
48,52,118
548,600,2
48,56,36
80,160,94
340,220,4
444,412,2
80,164,86
348,140,2
340,224,4
468,460,2
444,416,2
296,120,2
80,168,98
416,292,2
364,272,2
468,464,2
296,124,4
468,468,2
296,128,6
144,400,2
116,272,2
448,140,2
220,80,2
440,232,4
544,424,4
124,40,4
220,84,2
440,236,18
124,44,8
52,32,54
220,88,2
396,136,2
464,284,2
124,48,4
52,36,68
216,280,8
164,260,2
268,452,2
148,132,104
140,220,22
892,436,2
216,284,4
164,264,6
148,136,80
244,416,6
140,224,26
164,268,14
216,288,8
168,904,2
140,228,8
712,584,2
592,416,2
196,92,14
60,312,2
84,356,2
196,96,8
368,460,2
248,140,10
196,120,16
292,400,2
224,100,10
368,464,4
264,272,18
196,124,26
316,292,18
248,144,12
292,404,6
344,424,2
240,232,18
224,104,6
368,468,2
264,276,6
196,128,22
316,296,12
248,148,16
344,428,4
292,408,2
240,236,30
224,108,8
48,60,74
48,64,68
48,68,92
80,172,100
392,404,2
444,424,4
340,232,2
80,176,66
340,236,2
348,152,2
468,472,6
444,428,2
364,284,2
348,156,2
296,136,6
364,288,2
116,284,14
168,456,2
184,588,10
116,288,14
220,92,12
124,52,6
560,564,2
52,40,156
220,96,2
440,248,2
612,588,2
52,44,116
124,56,32
464,296,4
52,48,52
148,140,140
192,400,2
244,420,8
124,100,162
268,464,2
216,292,38
148,144,84
164,272,14
140,232,20
124,104,144
592,420,2
216,296,8
148,148,138
140,236,4
124,108,168
620,404,6
564,296,2
592,428,2
568,932,2
620,408,4
264,280,4
368,472,4
196,132,36
248,152,16
344,432,2
292,412,10
224,112,8
240,240,18
264,284,6
368,476,2
248,156,14
196,136,46
272,36,2
240,244,40
292,416,4
344,436,4
224,116,6
640,260,4
692,432,2
4,76,4
264,288,8
360,568,2
240,248,26
48,72,128
640,264,6
80,180,64
48,76,114
428,304,2
340,240,8
80,184,30
468,480,2
348,160,2
296,140,6
340,244,6
80,188,22
296,144,4
364,292,2
364,296,4
296,148,6
828,336,8
184,592,12
116,292,6
528,312,2
492,420,2
184,596,2
116,296,4
440,252,4
124,60,30
568,488,2
492,428,4
544,448,2
440,256,2
124,64,48
52,52,100
124,68,44
52,56,56
228,300,4
148,152,122
164,280,4
124,112,192
140,240,2
228,304,12
576,300,2
944,476,2
164,284,8
148,156,88
244,436,2
228,308,4
124,116,164
140,244,8
628,324,2
472,112,4
164,288,28
620,412,2
44,200,12
472,116,2
328,300,14
44,204,4
328,304,2
44,208,2
328,308,2
368,480,4
248,160,18
196,140,32
292,420,2
344,440,2
224,120,6
172,100,34
264,292,6
248,164,38
196,144,70
240,252,12
344,444,8
292,424,4
224,124,4
172,104,66
264,296,8
248,168,66
196,148,28
344,448,6
224,128,4
240,256,18
292,428,4
172,108,72
48,80,82
648,188,2
48,84,110
428,312,2
640,276,2
324,120,10
272,100,2
420,400,2
48,88,194
80,192,62
340,252,2
428,316,4
324,124,2
80,196,16
444,448,4
272,108,4
420,408,2
296,156,2
72,8,4
372,112,2
440,260,2
476,308,2
372,116,4
528,328,2
544,456,2
492,436,2
124,72,92
52,60,50
520,416,2
440,268,2
124,76,42
52,64,76
52,68,114
148,160,114
228,312,6
124,120,264
164,292,6
268,484,2
148,164,102
140,252,8
228,316,8
124,124,396
620,420,2
148,168,98
116,760,2
140,256,10
124,128,226
328,312,6
320,400,6
44,216,2
328,316,8
276,300,2
248,172,32
196,152,32
240,260,6
320,408,2
344,452,4
172,112,40
224,132,12
368,496,2
196,156,28
248,176,10
276,308,10
240,264,8
172,116,38
224,136,8
640,280,2
180,880,2
240,268,2
596,176,2
48,92,216
376,300,40
92,200,28
524,600,2
48,96,206
640,288,6
376,304,6
324,132,2
340,260,4
392,432,4
428,324,2
92,204,26
272,112,8
348,180,16
272,116,22
376,308,8
324,136,10
392,436,2
296,160,54
92,208,14
348,184,4
340,268,16
296,164,20
296,168,12
120,400,2
128,316,2
268,72,8
372,120,4
268,76,10
492,444,2
124,80,36
440,276,2
124,84,68
52,72,152
220,400,2
124,88,58
52,76,74
176,300,4
228,320,2
220,404,4
148,172,62
228,324,4
220,408,2
140,260,4
124,132,242
148,176,98
140,264,4
228,328,2
124,136,176
524,156,2
328,320,12
424,600,2
328,324,10
44,228,2
196,160,24
328,328,2
248,180,22
292,440,4
344,460,2
320,416,2
172,120,46
224,140,10
928,816,2
196,164,14
248,184,18
344,464,2
240,272,4
292,444,6
276,316,6
172,124,56
224,144,40
196,168,34
248,188,16
344,468,4
240,276,10
172,128,30
224,148,14
572,144,2
640,292,2
640,296,2
376,312,26
92,212,12
272,120,10
420,420,2
324,144,4
668,976,2
340,272,2
92,216,4
392,444,2
376,316,2
428,336,2
420,424,2
300,104,2
324,148,2
348,192,6
296,172,10
272,128,10
420,428,2
296,176,8
144,452,2
268,80,8
792,476,38
624,620,2
196,628,2
268,84,2
440,280,2
504,304,2
424,156,2
396,180,2
52,80,46
124,92,64
52,84,108
124,96,118
52,88,150
148,180,72
176,312,2
192,440,2
124,140,202
148,184,60
176,316,10
124,144,198
628,352,2
148,188,68
192,448,2
124,148,198
524,164,2
28,100,4
724,636,2
68,272,10
540,296,2
28,104,6
328,332,14
620,448,6
200,100,32
320,420,4
44,236,8
28,108,8
328,336,8
276,320,4
320,424,2
200,104,22
196,172,38
248,192,20
272,72,6
320,428,2
344,472,6
292,452,8
172,132,42
224,152,28
200,108,26
240,280,10
196,176,34
248,196,22
272,76,6
292,456,2
276,328,8
172,136,50
224,156,16
240,284,12
676,344,2
240,288,4
596,196,40
728,368,2
428,340,4
376,320,2
92,220,10
444,472,2
324,152,2
272,132,8
340,280,4
92,224,20
376,324,2
428,344,2
392,452,8
420,432,4
300,112,6
340,284,4
324,156,4
92,228,8
428,348,2
392,456,4
296,180,6
272,136,10
404,308,4
340,288,2
296,184,18
792,480,4
296,188,4
144,460,2
144,464,2
492,464,2
520,444,2
396,192,2
52,92,240
100,100,174
396,196,4
52,96,242
228,340,2
176,320,2
100,104,182
148,192,38
192,452,2
228,344,2
124,152,140
100,108,260
552,300,2
148,196,36
192,456,2
124,156,110
44,240,4
28,112,4
96,412,2
628,368,2
328,340,2
304,300,10
328,344,2
44,244,2
28,116,2
96,416,2
304,304,4
200,112,24
320,432,2
800,600,16
196,180,42
304,308,4
344,480,2
320,436,2
276,332,12
200,116,32
224,160,10
172,140,36
196,184,62
240,292,2
344,484,2
272,84,6
276,336,8
224,164,28
172,144,56
196,188,42
240,296,2
272,88,12
344,488,2
224,168,20
172,148,64
76,100,306
508,500,4
92,232,12
376,332,2
428,352,2
76,104,334
272,140,4
420,440,2
300,120,6
340,292,6
444,484,2
92,236,8
376,336,2
428,356,2
324,164,4
76,108,360
272,144,6
420,444,10
300,124,4
296,192,8
340,296,10
392,468,2
272,148,16
300,128,4
296,196,10
144,472,2
600,600,2
120,436,2
492,472,2
520,452,2
504,324,2
476,348,2
204,300,4
504,328,6
204,304,2
100,112,324
192,460,2
228,352,4
204,308,6
220,436,4
100,116,306
176,332,2
124,160,132
124,164,88
140,296,6
124,168,54
628,376,2
408,500,4
708,528,4
96,424,2
328,352,8
176,40,4
408,504,2
320,440,2
304,312,8
200,120,42
44,256,6
60,384,6
408,508,2
320,444,8
276,340,12
304,316,6
200,124,26
60,388,6
196,192,52
176,48,2
272,92,16
292,472,2
276,344,10
172,152,36
224,172,38
200,128,38
196,196,48
344,496,2
276,348,6
172,156,92
224,176,20
92,240,4
76,112,354
28,12,14
352,300,4
92,244,4
272,152,18
76,116,376
28,16,10
420,452,2
352,304,8
428,368,2
92,248,2
272,156,12
352,308,2
420,456,4
300,136,2
804,344,2
804,348,2
528,372,2
400,140,6
504,332,2
492,484,2
308,500,4
400,144,26
504,336,4
200,44,2
204,312,10
220,440,4
100,120,440
228,360,6
204,316,2
220,444,2
176,340,2
100,124,374
1456,712,2
296,664,4
176,344,8
228,364,10
124,172,64
100,128,338
552,320,2
228,368,4
124,176,46
552,324,4
44,260,2
28,132,4
628,388,2
576,368,2
328,360,6
372,620,2
408,512,2
252,300,12
304,320,8
60,392,12
328,364,2
372,624,6
304,324,8
320,452,4
252,304,10
200,132,26
1224,852,2
skill\夺魄一刀89308\夺魄一刀89308_下层.fsi,,28
328,368,6
372,628,2
176,56,24
304,328,2
320,456,2
276,352,4
252,308,8
172,160,54
224,180,26
200,136,10
1224,856,2
292,484,2
276,356,16
172,164,82
224,184,34
172,168,58
224,188,54
728,396,2
76,120,378
28,20,42
324,180,2
376,352,4
272,160,8
76,124,338
420,460,80
352,312,10
28,24,84
428,376,4
376,356,4
272,164,12
324,184,4
76,128,414
420,464,2
352,316,2
28,28,784
976,844,2
324,188,4
392,488,8
272,168,10
420,468,8
300,148,4
1048,888,2
120,452,2
452,320,2
504,340,14
104,328,2
492,492,2
504,344,2
452,324,4
152,300,2
200,52,2
204,320,10
200,56,14
204,324,4
100,132,334
220,456,2
124,180,44
100,136,280
536,200,2
124,184,36
124,188,38
96,440,2
628,396,2
576,376,2
552,336,2
44,272,2
96,444,4
28,144,2
176,60,8
408,524,2
252,312,6
320,460,4
304,332,4
200,140,46
44,276,4
28,148,2
328,376,4
176,64,2
252,316,4
304,336,6
320,464,4
200,144,64
176,68,12
320,468,4
276,364,2
172,172,190
224,192,30
200,148,18
276,368,2
172,176,110
224,196,18
192,944,2
428,380,2
376,360,8
76,132,386
352,320,6
28,32,116
428,384,2
324,192,4
272,172,16
76,136,298
508,536,2
420,472,2
352,324,4
28,36,112
300,152,8
376,368,2
92,268,2
272,176,20
300,156,2
352,328,2
128,372,2
196,676,2
180,48,2
436,204,2
608,548,2
200,60,18
520,484,2
452,336,4
220,460,10
200,64,6
520,488,2
100,140,192
104,24,2
32,12,20
152,316,2
220,464,2
176,360,6
204,336,2
200,68,4
100,144,194
104,28,6
32,16,4
192,492,2
176,364,4
228,384,2
124,192,40
100,148,184
576,380,2
192,496,2
228,388,2
124,196,16
576,384,2
552,344,6
576,388,2
44,280,6
552,348,2
72,412,2
304,340,4
252,320,4
44,284,8
28,156,2
328,384,2
252,324,4
320,472,4
304,344,2
176,72,2
200,152,74
252,328,4
176,76,10
276,372,2
304,348,6
200,156,40
172,180,82
276,376,2
172,184,68
704,372,2
172,188,56
192,952,2
76,140,224
584,208,2
336,200,2
28,40,122
376,372,6
76,144,170
272,180,20
420,480,8
336,204,2
352,332,6
28,44,66
300,160,14
428,396,2
76,148,158
376,376,4
272,184,18
28,48,68
420,484,2
352,336,2
300,164,14
272,188,14
420,488,6
300,168,20
128,380,4
180,56,10
12,4,2
452,340,2
572,660,4
924,1016,2
120,476,4
372,192,2
12,8,8
572,664,8
452,344,2
476,388,2
452,348,2
204,340,2
344,72,2
200,72,6
104,32,2
32,20,32
204,344,2
100,152,152
200,76,14
104,36,12
32,24,58
228,392,4
100,156,148
204,348,2
32,28,154
576,392,2
552,352,2
672,672,2
576,396,2
708,568,2
236,200,16
328,392,2
304,352,4
236,204,22
200,160,40
176,80,52
328,396,2
320,484,4
236,208,20
276,380,4
176,84,40
304,356,6
200,164,32
320,488,2
172,192,56
176,88,60
200,168,44
52,100,280
172,196,46
52,104,242
376,380,10
52,108,118
76,152,150
28,52,42
376,384,8
272,192,10
76,156,130
28,56,42
420,492,10
352,344,4
404,364,2
300,172,20
376,388,4
272,196,8
420,496,2
300,176,14
952,836,2
180,60,4
180,64,6
384,200,2
436,220,2
180,68,8
384,204,2
436,224,4
504,372,2
120,488,2
384,208,2
436,228,4
200,80,20
136,200,68
400,184,4
104,40,22
152,332,2
200,84,40
204,352,6
136,204,20
100,160,204
32,32,2958
104,44,8
324,676,2
344,88,2
152,336,2
308,548,2
200,88,32
136,208,22
100,164,74
32,36,188
104,48,18
588,400,2
176,384,2
100,168,36
552,360,2
708,572,2
604,380,4
552,364,2
484,216,2
28,172,2
552,368,12
252,340,2
236,212,14
304,364,2
176,92,42
236,216,18
200,172,56
252,348,22
276,392,2
320,496,2
176,96,26
200,176,66
276,396,4
52,112,108
76,160,106
52,116,112
508,560,2
584,228,2
28,60,28
284,200,10
376,392,4
76,164,70
28,64,26
352,352,58
284,204,8
336,224,4
300,180,12
1232,708,2
712,200,2
76,168,100
456,548,2
28,68,4
284,208,10
300,184,10
832,524,2
1556,1224,2
300,188,14
180,72,4
488,400,2
120,492,2
180,76,12
436,232,2
504,380,2
104,368,2
120,496,2
436,236,20
600,664,2
400,196,2
204,360,2
152,340,4
308,552,2
200,92,32
136,212,16
32,40,130
104,52,32
768,108,2
204,364,2
152,344,4
200,96,24
136,216,22
100,172,54
1004,572,2
32,44,110
104,56,100
852,388,2
204,368,2
152,348,2
100,176,42
32,48,94
552,372,2
484,228,20
552,376,4
604,396,2
184,200,32
236,220,22
304,372,2
236,224,10
184,204,40
200,180,140
252,356,6
304,376,4
184,208,36
236,228,22
200,184,46
200,188,38
52,120,224
732,528,2
52,124,132
76,172,36
52,128,86
352,360,2
404,380,4
284,212,2
28,72,4
336,232,2
76,176,32
336,236,8
352,364,2
404,384,2
284,216,10
28,76,28
300,192,12
300,196,10
352,368,4
180,80,10
180,84,12
436,240,4
384,220,2
180,88,10
504,392,2
384,228,2
436,248,4
136,220,16
248,60,2
412,208,2
104,60,88
152,352,2
136,224,14
100,180,38
32,52,30
104,64,62
204,376,4
152,356,4
136,228,10
100,184,34
32,56,10
104,68,66
588,420,2
100,188,26
484,232,18
552,380,12
484,236,2
552,384,24
656,576,2
288,400,8
372,680,2
252,360,2
552,388,2
288,404,6
304,380,14
236,232,20
184,212,16
252,364,6
304,384,2
288,408,2
236,236,22
200,192,38
184,216,24
332,516,2
304,388,20
200,196,52
52,132,52
76,180,28
52,136,32
388,412,2
28,80,2
284,220,10
336,240,4
312,200,8
76,184,22
404,392,2
28,84,22
336,244,4
352,372,4
284,224,14
432,524,2
312,204,6
76,188,40
352,376,6
28,88,12
284,228,12
432,528,2
132,500,74
312,208,8
660,208,2
952,868,2
180,92,32
180,96,34
700,1016,2
384,232,6
924,1056,2
488,424,2
516,404,2
436,256,2
488,428,2
412,216,2
452,388,4
152,360,2
136,232,8
32,60,8
248,72,6
104,72,62
616,400,2
100,192,18
136,236,10
32,64,2
104,76,92
616,404,2
204,388,2
152,368,2
100,196,22
300,668,2
32,68,6
468,112,4
484,240,4
580,520,2
484,244,4
468,116,4
588,436,2
552,396,2
288,412,2
184,220,46
236,240,22
280,500,8
212,200,42
304,392,12
288,416,2
184,224,28
236,244,18
280,504,2
212,204,38
304,396,12
184,228,22
236,248,26
212,208,36
52,140,22
52,144,4
388,420,2
176,876,2
52,148,26
76,192,38
388,424,2
352,380,2
284,232,2
28,92,16
380,512,2
312,212,16
76,196,18
268,108,2
28,96,2
352,384,2
388,428,2
284,236,8
312,216,8
380,516,4
952,872,2
352,388,2
1024,1024,10
368,112,2
360,200,4
488,436,4
412,224,2
360,204,4
436,268,2
136,240,26
360,208,2
104,80,70
112,200,16
152,372,2
136,244,70
104,84,116
32,72,18
112,204,22
136,248,2
104,88,112
32,76,42
112,208,18
1100,884,2
588,444,2
484,252,4
460,212,2
588,448,2
288,420,2
168,100,72
460,216,2
1236,924,2
252,380,2
288,424,4
184,232,36
236,252,6
168,104,60
332,532,2
212,212,42
skill\天昏地暗89305\天昏地暗89305_上层.fsi,,32
288,428,2
252,384,8
236,256,2
184,236,26
168,108,72
212,216,58
52,152,20
84,12,2
396,68,2
52,156,14
268,112,8
388,432,2
336,260,6
284,240,8
312,220,42
260,200,14
336,264,8
284,244,6
268,116,4
416,416,2
380,524,12
312,224,24
260,204,12
352,396,4
336,268,6
284,248,4
380,528,2
1516,1248,2
260,208,14
312,228,12
effects\防御3.fsi,,28
464,400,6
384,252,2
412,232,2
360,212,4
464,404,2
384,256,2
368,128,2
488,448,2
8,4,4
136,252,10
32,80,12
104,92,226
112,212,12
8,8,16
744,108,2
564,400,2
616,420,4
136,256,6
216,408,4
112,216,14
104,96,254
32,84,40
32,88,8
512,236,2
564,408,2
460,220,2
904,1060,2
236,260,6
288,432,2
484,268,4
184,240,16
168,112,52
316,412,2
160,200,60
212,220,14
56,356,2
184,244,20
236,264,14
168,116,46
160,204,46
212,224,18
236,268,4
184,248,16
56,8,2
160,208,42
212,228,46
88,200,36
88,204,20
52,160,20
84,20,12
176,892,2
52,164,12
88,208,8
84,24,8
268,120,4
416,420,2
364,400,2
176,896,2
52,168,6
84,28,48
336,272,2
268,124,4
284,252,6
380,532,8
312,232,4
260,212,4
336,276,2
388,448,8
284,256,22
268,128,10
312,236,8
260,216,12
764,428,6
156,584,2
384,260,4
368,132,6
360,220,4
584,732,2
412,240,2
156,588,18
412,244,2
516,436,2
384,268,2
360,228,2
112,220,14
136,264,2
112,224,20
32,92,48
512,240,2
152,396,2
136,268,6
32,96,4
112,228,10
564,416,2
512,248,2
536,296,2
484,276,2
288,440,4
168,120,64
264,400,2
288,444,8
236,272,8
168,124,68
184,252,8
316,424,2
212,232,60
160,212,38
288,448,2
236,276,4
168,128,60
184,256,14
316,428,2
212,236,28
160,216,14
568,144,2
688,464,2
1560,912,2
88,212,4
156,40,2
252,84,2
88,216,2
52,172,2
84,32,36
80,304,2
52,176,2
336,280,6
84,36,16
388,452,2
268,132,2
284,260,14
312,240,4
364,412,4
260,220,16
388,456,2
336,284,4
268,136,6
284,264,18
312,244,2
364,416,4
416,436,12
260,224,16
284,268,10
432,568,2
312,248,4
260,228,16
156,592,20
156,596,2
488,464,2
384,272,10
360,232,4
384,276,8
488,468,2
360,236,4
412,256,4
112,232,6
112,236,8
616,444,2
484,280,2
512,256,2
580,560,2
460,244,2
580,564,2
236,280,2
288,452,2
168,132,46
184,260,6
316,432,6
160,220,14
212,240,10
792,116,4
184,264,6
236,284,6
288,456,2
168,136,32
316,436,6
160,224,14
212,244,14
2048,1024,2
236,288,2
184,268,8
160,228,20
212,248,28
88,220,2
648,308,2
52,180,2
680,568,2
84,40,20
204,888,2
88,228,2
52,184,2
80,316,2
388,460,6
268,140,8
84,44,18
156,56,4
416,440,12
244,100,8
284,272,6
336,292,8
388,464,2
268,144,10
84,48,36
312,252,8
416,444,10
260,232,26
244,104,2
364,424,6
388,468,2
336,296,4
284,276,8
268,148,16
312,256,6
416,448,8
244,108,2
260,236,20
740,408,2
464,432,2
360,240,10
384,284,2
412,264,2
360,244,2
136,280,4
360,248,2
160,36,2
412,268,2
112,240,14
136,284,2
188,456,2
216,436,6
112,244,6
616,452,2
136,288,6
skill\万妖降服89310\万妖降服89310.fsi,,38
112,248,8
548,308,2
512,268,2
580,572,4
168,140,82
460,256,2
264,420,6
316,440,4
144,100,46
56,384,2
236,292,6
184,272,14
168,144,68
212,252,18
264,424,2
160,232,14
144,104,72
56,388,2
236,296,4
184,276,12
168,148,64
212,256,6
316,448,4
160,236,26
144,108,48
88,232,12
80,320,2
156,60,8
88,236,6
80,324,2
156,64,8
84,52,32
348,300,2
80,328,4
388,472,4
284,280,16
156,68,16
268,152,16
84,56,48
416,452,4
588,944,2
348,304,4
312,260,10
364,432,2
260,240,18
284,284,6
388,476,2
268,156,38
312,264,2
348,308,4
364,436,2
416,456,2
260,244,18
244,116,8
764,452,8
284,288,8
116,432,2
312,268,6
260,248,8
292,100,4
584,760,2
612,736,2
516,460,2
384,292,4
412,272,2
360,252,2
160,40,2
292,104,2
516,464,2
188,460,2
384,296,4
360,256,2
464,448,6
216,440,8
292,108,2
160,44,2
136,292,4
112,252,2
160,48,4
548,312,2
effects\magic_辅助类.fsi,,36
136,296,4
540,400,2
216,448,2
324,60,2
632,596,2
588,492,2
12,12,52
540,408,4
460,264,4
368,620,4
12,16,22
248,300,2
184,280,8
168,152,36
368,624,4
248,304,4
264,432,2
160,240,18
212,260,10
144,112,94
184,284,4
168,156,48
368,628,2
212,264,10
248,308,2
316,456,8
160,244,18
144,116,88
212,268,6
160,248,14
88,240,2
640,416,2
88,244,6
156,72,14
84,60,48
156,76,44
268,160,18
84,64,90
416,460,4
348,312,2
192,100,10
340,400,4
284,292,10
268,164,12
84,68,110
260,252,4
312,272,16
364,444,2
348,316,4
192,104,22
244,124,8
388,488,12
284,296,14
268,168,34
312,276,4
416,468,4
260,256,16
192,108,36
244,128,4
696,316,2
448,316,2
464,452,2
412,280,2
292,112,4
440,408,2
360,260,4
412,284,2
360,264,2
412,288,2
160,56,14
112,260,4
360,268,8
496,300,2
744,156,2
796,328,2
216,456,2
112,264,2
564,452,2
496,308,2
564,456,4
12,20,4
540,416,2
512,288,8
460,272,4
12,24,2
168,160,40
460,276,2
12,28,8
248,312,2
316,460,2
144,120,130
240,400,6
184,292,12
168,164,64
264,444,2
248,316,2
212,272,18
144,124,134
160,252,4
664,460,2
640,420,4
184,296,4
168,168,46
160,256,4
212,276,24
316,468,2
144,128,156
544,144,2
152,892,2
544,148,2
156,80,16
152,896,2
156,84,30
84,72,124
348,320,2
296,300,18
388,492,4
156,88,40
268,172,16
84,76,106
244,132,8
348,324,2
260,260,16
364,452,2
416,472,4
192,112,22
312,280,14
296,304,6
340,412,4
268,176,18
296,308,4
312,284,12
416,476,6
192,116,20
244,136,14
260,264,10
340,416,6
312,288,16
260,268,10
1592,1172,2
368,180,4
448,328,2
292,120,4
396,316,2
160,60,10
292,124,6
464,464,2
360,272,4
368,188,2
216,460,4
160,64,12
360,276,4
292,128,2
216,464,2
164,444,4
160,68,22
164,448,4
512,292,2
564,464,2
512,296,2
12,32,4
540,428,2
460,284,2
196,300,2
248,320,8
168,172,66
460,288,2
212,280,16
316,472,4
144,132,180
160,260,12
288,496,2
168,176,60
212,284,10
248,328,4
144,136,104
196,308,6
160,264,6
160,268,8
212,288,10
568,196,2
64,220,2
560,284,2
716,496,2
88,264,2
64,224,2
560,288,2
84,80,166
156,92,94
88,268,8
268,180,10
84,84,240
156,96,100
348,332,2
244,140,8
364,460,12
296,312,12
192,120,20
340,420,6
268,184,28
84,88,166
416,484,4
348,336,2
244,144,8
364,464,2
296,316,6
312,292,4
260,272,16
192,124,12
696,332,2
592,140,2
268,188,32
364,468,6
312,296,16
244,148,18
260,276,14
192,128,12
340,428,6
696,336,2
448,332,40
568,656,2
396,324,2
320,108,8
344,152,4
292,132,6
368,196,8
772,300,2
344,156,2
360,284,4
292,136,6
160,72,14
112,280,4
148,324,4
360,288,4
160,76,14
796,348,2
188,496,2
112,284,12
148,328,4
164,456,2
168,180,68
12,48,10
248,332,2
144,140,102
240,420,4
120,100,112
168,184,44
248,336,2
212,292,22
196,316,6
160,272,12
144,144,86
120,104,102
168,188,74
212,296,18
160,276,4
144,148,132
120,108,160
48,100,220
88,272,4
64,232,2
48,104,222
220,100,14
48,108,114
84,92,176
220,104,6
348,340,4
296,320,6
268,192,6
84,96,174
296,324,4
260,280,6
348,344,6
192,132,50
244,152,22
220,108,8
340,432,6
268,196,18
260,284,12
364,476,2
192,136,22
244,156,22
340,436,4
696,344,2
260,288,2
568,660,4
592,156,2
568,664,2
424,304,4
320,112,6
464,480,2
424,308,4
292,140,6
320,116,6
344,164,2
292,144,4
360,292,14
160,80,38
344,168,2
464,488,2
360,296,2
292,148,2
160,84,38
796,356,4
268,656,2
148,336,6
112,292,2
160,88,112
564,480,2
540,440,2
112,296,2
228,56,4
540,444,2
1024,500,2
12,56,2
248,340,2
224,300,6
168,192,40
248,344,2
196,324,8
316,492,2
160,280,4
144,152,94
344,624,12
224,304,12
120,112,176
168,196,48
248,348,22
196,328,2
316,496,4
160,284,2
144,156,102
224,308,8
120,116,184
692,624,2
160,288,12
164,924,2
64,240,2
48,112,56
324,300,14
48,116,90
220,112,6
324,304,16
80,376,2
364,480,2
296,332,2
192,140,18
324,308,20
244,160,14
220,116,16
340,440,14
260,292,8
244,164,6
296,336,6
192,144,36
340,444,2
940,932,2
260,296,12
364,488,2
192,148,60
244,168,28
340,448,8
644,184,2
96,100,174
644,188,6
96,104,262
424,312,2
96,108,272
424,316,4
344,172,6
396,344,2
440,448,2
292,152,4
772,320,2
148,340,2
344,176,2
292,156,12
160,92,78
124,300,4
796,364,2
148,344,6
160,96,100
124,304,2
548,360,2
496,340,2
228,60,2
472,300,18
124,308,4
472,308,2
1024,512,12
196,332,4
144,160,114
224,312,6
120,120,382
160,292,2
144,164,108
224,316,8
120,124,248
160,296,2
144,168,108
120,128,236
48,120,108
520,144,2
1196,1164,2
48,124,22
324,312,8
220,120,8
48,128,74
348,360,2
324,316,10
220,124,14
296,340,6
296,344,12
192,152,30
244,172,14
220,128,10
340,452,6
700,300,4
296,348,10
364,496,8
348,368,16
192,156,48
244,176,20
340,456,10
696,364,2
644,192,2
724,344,2
skill\天昏地暗89305\天昏地暗89305_下层.fsi,,36
96,112,298
424,320,2
160,756,4
96,116,306
424,324,2
320,132,2
396,352,2
424,328,2
344,180,4
372,308,2
320,136,4
292,160,14
1176,1156,2
344,184,2
292,164,22
344,188,6
292,168,20
824,356,4
148,356,2
228,72,2
576,504,2
496,356,2
540,464,2
196,340,2
172,300,4
196,344,2
144,172,90
172,304,2
120,132,210
692,640,2
144,176,48
224,328,16
172,308,4
120,136,196
48,132,54
272,300,8
324,320,4
600,308,2
48,136,50
272,304,2
324,324,8
220,132,18
324,328,2
348,372,6
296,352,10
244,180,18
220,136,16
272,308,4
192,160,38
924,816,2
348,376,82
296,356,12
244,184,12
192,164,44
340,464,2
128,500,8
244,188,20
192,168,40
340,468,4
748,396,30
96,120,402
408,200,4
96,124,342
408,204,2
96,128,352
372,316,2
408,208,2
396,360,4
624,808,2
344,192,4
292,172,12
396,364,2
344,196,2
148,360,2
292,176,10
228,516,2
140,452,2
124,324,2
472,324,2
500,304,2
228,88,6
472,328,2
44,412,2
328,512,2
276,500,4
248,372,4
144,180,46
172,312,6
224,332,18
120,140,206
196,356,2
248,376,8
144,184,44
172,316,4
224,336,4
120,144,164
640,480,24
144,188,58
120,148,146
48,140,24
376,500,2
24,100,2
48,144,8
308,204,6
428,524,2
324,332,4
272,312,2
24,104,10
220,140,16
136,20,4
48,148,88
296,360,6
308,208,8
324,336,4
220,144,24
136,24,16
64,12,16
296,364,4
348,384,2
192,172,36
244,192,8
220,148,30
64,16,10
340,472,4
948,872,2
348,388,4
296,368,6
192,176,38
244,196,26
340,476,2
232,76,2
592,192,2
96,132,324
408,212,2
528,532,2
400,300,2
96,136,306
408,216,2
320,152,4
424,344,4
292,180,2
320,156,2
424,348,2
292,184,4
396,376,4
108,200,20
148,372,2
292,188,10
996,1044,2
108,204,10
772,356,2
148,376,2
108,208,16
548,392,2
228,92,8
472,332,2
228,96,6
496,376,2
548,396,2
208,200,42
208,204,48
196,360,10
248,380,4
208,208,42
172,320,10
224,340,4
196,364,2
144,192,52
172,324,4
120,152,174
596,380,2
144,196,40
172,328,2
224,348,2
120,156,122
492,196,2
48,152,4
24,112,2
324,340,2
308,212,6
300,300,460
64,284,2
48,156,18
428,536,2
24,116,2
324,344,2
272,324,6
220,152,30
308,216,8
64,20,4
300,304,10
324,348,2
272,328,12
192,180,34
220,156,14
136,36,6
64,24,2
300,308,8
232,80,6
296,376,4
348,396,2
192,184,44
64,28,4
232,84,2
340,484,2
724,372,2
192,188,38
232,88,2
96,140,170
620,184,2
476,520,2
356,200,4
72,100,372
96,144,158
408,224,4
356,204,4
320,160,2
72,104,250
448,396,2
96,148,148
372,336,2
396,380,4
424,356,2
72,108,366
408,228,6
800,332,2
292,192,6
148,380,2
396,388,2
292,196,4
228,532,2
108,212,20
140,472,2
108,216,20
1404,716,2
456,216,2
524,364,2
508,236,2
208,212,24
500,328,6
200,300,6
208,216,30
200,304,6
156,200,42
200,308,4
224,352,6
156,204,28
120,160,118
608,240,2
248,396,2
172,336,2
224,356,6
156,208,34
120,164,100
596,392,4
120,168,94
48,160,8
308,220,8
256,200,16
48,164,38
376,524,4
24,124,2
308,224,8
272,332,18
256,204,24
220,160,24
300,312,14
376,528,8
24,128,2
308,228,4
272,336,16
296,380,4
324,356,4
256,208,32
220,164,26
404,508,2
300,316,4
64,32,10
136,44,10
376,88,2
296,384,12
192,192,48
220,168,28
232,92,4
64,36,34
136,48,6
296,388,4
192,196,30
340,496,2
232,96,10
96,152,154
372,340,2
408,232,2
356,212,6
72,112,268
400,320,14
96,156,128
320,172,4
372,344,6
72,116,300
408,236,6
400,324,62
504,516,2
396,392,6
320,176,6
372,348,4
400,328,24
100,300,2
800,344,4
108,220,22
140,20,4
100,308,2
108,224,44
456,220,8
108,228,18
508,244,2
456,224,8
456,228,2
508,248,4
208,220,10
500,336,2
304,500,4
208,224,12
200,312,4
800,800,20
208,228,32
344,680,2
292,660,2
200,316,8
156,212,18
224,360,10
156,216,10
120,172,88
224,364,10
624,380,2
120,176,52
224,368,8
676,556,2
48,172,2
376,532,4
624,388,2
572,368,2
272,340,10
256,212,28
308,232,4
300,320,10
48,176,4
40,264,4
308,236,4
272,344,12
76,308,2
256,216,20
220,172,20
300,324,8
136,52,10
64,40,48
1220,852,2
324,368,2
376,96,4
296,392,4
272,348,4
220,176,20
136,56,44
300,328,4
64,44,54
1500,552,2
296,396,12
64,48,52
724,392,2
96,160,152
356,220,2
72,120,284
452,500,2
96,164,92
372,352,2
356,224,2
408,244,2
320,180,2
72,124,388
96,168,34
356,228,2
424,376,2
320,184,8
372,356,8
72,128,292
400,336,2
1288,1208,2
320,188,4
108,232,10
108,236,18
140,36,2
500,340,10
328,552,2
208,232,38
200,320,2
328,556,4
208,236,16
200,324,2
156,220,12
200,328,6
224,372,6
156,224,16
120,180,42
292,676,18
172,356,4
224,376,2
156,228,18
120,184,28
556,244,2
120,188,32
48,180,16
308,240,2
676,568,2
256,220,8
352,500,4
24,144,2
308,244,6
272,352,4
256,224,20
220,180,30
136,60,14
300,332,8
24,148,2
308,248,6
272,356,4
324,376,2
256,228,24
220,184,22
300,336,16
64,52,70
136,64,32
220,188,48
64,56,90
136,68,12
1212,1196,2
96,172,34
408,252,2
372,360,2
356,232,6
72,132,400
400,340,2
96,176,48
528,576,2
372,364,6
424,384,6
72,136,296
400,344,2
372,368,4
320,196,8
400,348,2
100,320,4
108,240,6
108,244,10
108,248,4
380,92,2
140,48,2
788,112,2
380,96,6
456,248,2
576,568,2
508,268,2
208,240,18
304,60,2
432,208,2
96,636,8
208,244,16
208,248,10
292,680,12
224,380,8
156,232,10
636,400,4
156,236,20
120,192,28
572,380,6
224,388,2
120,196,70
676,576,2
92,452,2
24,152,2
324,380,4
272,360,2
256,232,24
308,252,16
300,340,6
352,512,2
76,328,2
272,364,2
24,156,2
324,384,4
256,236,46
220,192,36
308,256,8
352,516,2
300,344,2
136,72,24
64,60,80
324,388,2
220,196,32
300,348,2
136,76,38
64,64,154
1152,728,10
64,68,104
96,180,50
672,396,2
408,260,2
356,240,6
72,140,180
332,200,2
452,520,2
96,184,40
408,264,2
372,372,2
72,144,132
400,352,2
332,204,2
96,188,28
372,376,2
356,248,2
72,148,140
400,356,4
100,332,2
680,208,2
108,252,8
140,52,8
388,100,4
536,400,2
108,256,8
140,56,14
576,572,4
472,380,2
536,404,2
456,256,6
208,252,18
208,256,8
200,344,4
156,240,2
156,244,6
712,1024,2
636,412,4
156,248,4
532,224,2
308,260,8
256,240,22
232,200,24
24,164,2
308,264,10
324,392,2
256,244,18
404,544,2
300,352,4
136,80,30
232,204,24
24,168,6
256,248,6
428,588,2
308,268,8
136,84,70
232,208,16
64,72,92
588,120,2
136,88,60
64,76,108
196,872,2
288,100,2
436,400,2
96,192,44
288,104,6
372,380,2
72,152,118
408,272,4
436,404,4
96,196,18
372,384,2
408,276,6
288,108,6
72,156,92
616,72,2
332,216,2
400,364,6
372,388,8
100,340,2
400,368,4
108,260,2
284,60,2
140,60,10
108,264,2
140,64,18
456,260,2
508,280,4
108,268,4
140,68,28
508,284,2
432,224,2
508,288,2
208,260,14
432,228,2
500,376,2
132,200,30
952,564,2
208,264,2
320,672,2
132,204,32
208,268,12
156,252,34
304,548,2
200,356,2
132,208,36
584,400,2
156,256,20
556,272,2
584,404,4
188,100,28
584,408,2
336,400,2
24,172,8
272,380,6
256,252,20
188,104,32
308,272,30
336,404,2
600,388,2
300,360,4
232,212,32
24,176,12
308,276,102
256,256,8
188,108,24
336,408,6
300,364,2
136,92,64
232,216,18
64,80,190
684,404,4
272,388,2
300,368,10
136,96,112
64,84,152
64,88,190
408,280,4
288,112,6
356,260,2
72,160,86
436,412,2
280,200,14
408,284,4
476,584,16
372,392,4
356,264,2
72,164,44
332,224,2
400,372,2
280,204,12
716,112,2
476,588,24
408,288,4
356,268,4
72,168,42
400,376,2
332,228,6
280,208,12
140,72,32
108,276,4
140,76,18
500,380,4
508,296,2
380,216,6
236,400,4
764,104,2
208,272,14
304,552,4
132,212,24
208,276,16
156,260,6
132,216,30
208,56,2
156,264,6
556,280,2
584,412,4
156,268,10
480,224,2
584,416,2
600,392,2
24,180,8
308,280,6
188,112,16
256,260,18
480,228,2
336,412,2
180,200,24
232,220,26
24,184,2
272,392,2
308,284,8
256,264,6
188,116,26
336,416,2
300,372,4
232,224,20
180,204,28
24,188,2
308,288,10
272,396,4
256,268,16
300,376,8
64,92,254
180,208,32
232,228,14
588,140,2
64,96,320
436,420,4
effects\02消失.fsi,,36
288,124,2
72,172,28
400,380,2
332,232,4
280,212,16
356,276,2
288,128,8
72,176,14
400,384,6
332,236,8
280,216,16
136,404,2
108,280,4
140,80,26
108,284,2
140,84,42
188,44,4
604,580,2
536,432,2
588,604,2
108,288,4
140,88,48
188,48,2
536,436,2
456,288,2
208,280,6
380,228,2
132,220,14
208,60,2
208,284,4
132,224,34
208,64,2
208,288,22
156,272,10
132,228,32
208,68,6
156,276,2
556,292,2
556,296,4
188,120,24
216,100,4
336,420,4
24,192,2
256,272,2
308,292,14
188,124,30
336,424,4
232,232,30
300,380,4
216,104,10
180,212,18
256,276,2
308,296,6
188,128,30
216,108,2
284,408,2
300,384,6
336,428,14
180,216,28
232,236,24
300,388,12
356,280,2
72,180,18
288,132,12
280,220,2
316,112,2
580,248,2
608,772,2
556,752,2
288,136,6
316,116,10
400,392,2
356,288,2
72,188,34
452,568,2
332,248,6
280,228,212
324,888,2
108,292,4
284,92,2
140,92,82
188,52,2
364,100,2
108,296,2
284,96,2
140,96,90
188,56,4
380,232,2
536,448,2
380,236,2
236,420,4
484,428,8
116,100,164
208,292,12
132,232,22
116,104,150
208,72,2
208,296,18
132,236,20
116,108,190
208,76,2
652,580,2
464,112,2
156,288,4
652,584,2
464,116,2
584,436,4
256,280,2
188,132,38
652,588,2
336,432,8
180,220,28
232,240,32
216,112,22
188,136,88
284,416,2
336,436,2
300,392,4
180,224,26
232,244,18
216,116,12
256,288,2
300,396,8
180,228,22
232,248,8
2048,2048,2
580,252,6
288,140,6
316,120,6
172,876,2
288,144,4
356,292,2
72,192,34
384,424,2
436,444,4
280,232,2
412,404,2
356,296,4
72,196,12
384,428,2
332,256,2
280,236,8
264,108,20
188,60,4
468,300,6
188,64,2
468,304,4
536,452,2
380,240,4
188,68,12
468,308,2
380,244,4
432,268,4
132,240,12
116,112,182
208,80,2
132,244,20
116,116,318
208,84,4
568,304,2
156,292,6
132,248,16
612,416,2
188,140,54
516,148,4
584,448,2
336,440,8
164,100,68
216,120,4
312,400,2
256,292,10
188,144,90
336,444,10
284,424,2
232,252,4
164,104,122
216,124,6
180,232,28
256,296,4
660,400,2
188,148,98
284,428,2
336,448,2
232,256,8
164,108,146
216,128,16
180,236,30
312,408,4
356,60,2
212,64,6
44,12,38
368,300,2
516,600,38
356,68,2
212,68,2
288,152,6
116,28,42
44,16,2
332,260,16
264,112,14
316,132,4
280,240,12
516,604,38
288,156,18
452,584,2
316,136,4
264,116,8
332,264,60
280,244,2
412,416,2
332,268,6
280,248,12
188,72,10
484,440,2
580,720,2
460,400,2
188,76,24
416,144,2
468,316,2
432,272,2
536,464,2
380,252,4
432,276,4
364,128,2
536,468,4
484,448,2
116,120,312
116,124,294
132,252,8
40,4,50
208,92,2
132,256,2
116,128,232
208,96,8
560,404,2
584,456,2
268,300,12
188,152,60
388,624,2
232,260,6
192,52,4
336,452,6
164,112,122
216,132,16
180,240,20
268,304,6
312,412,2
188,156,54
192,56,30
336,456,6
268,308,6
284,436,2
164,116,90
216,136,14
180,244,26
232,264,4
668,324,2
180,248,8
232,268,8
632,284,2
84,200,48
212,72,2
84,204,44
116,32,2
44,20,30
172,892,4
212,76,2
288,160,20
84,208,4
264,120,12
384,440,2
44,24,16
116,36,8
360,400,2
288,164,10
264,124,4
316,144,4
368,316,2
384,444,2
44,28,70
280,252,8
412,424,4
760,420,2
812,440,2
288,168,16
264,128,6
332,276,6
384,448,2
280,256,18
112,400,2
412,428,4
640,104,2
760,424,2
136,444,2
760,428,4
512,420,2
136,448,4
188,80,26
188,84,2
388,172,2
512,428,2
380,260,2
188,88,30
432,284,2
468,328,2
364,136,2
460,416,2
380,268,4
116,132,230
212,412,2
168,308,4
116,136,236
560,412,4
132,268,2
612,436,2
464,144,2
188,160,54
480,276,4
192,60,20
336,460,10
284,440,4
216,140,14
268,312,8
164,120,120
188,164,36
192,64,6
284,444,6
268,316,2
216,144,28
180,252,12
232,272,6
164,124,146
188,168,34
232,276,4
336,468,4
216,148,20
192,68,4
180,256,6
164,128,96
260,408,2
312,428,2
764,616,2
200,872,2
212,80,4
116,40,12
116,44,2
368,320,2
44,32,220
212,88,2
288,172,12
436,472,2
316,152,4
280,260,8
332,280,2
264,132,6
384,452,2
44,36,192
116,48,20
360,412,4
288,176,14
368,328,2
332,284,8
384,456,2
280,264,14
412,436,8
360,416,2
332,288,4
280,268,20
512,432,2
188,92,2
536,480,4
512,436,2
1364,816,2
188,96,14
536,484,4
120,20,4
380,276,2
484,468,2
536,488,2
168,312,10
116,140,308
168,316,2
116,144,142
612,440,2
116,148,154
668,88,2
516,176,2
268,320,10
188,172,44
268,324,2
180,260,6
232,280,6
164,132,112
216,152,36
192,72,8
312,432,4
188,176,96
232,284,4
336,476,2
192,76,10
180,264,12
268,328,16
164,136,80
216,156,46
312,436,4
260,416,4
180,268,10
232,288,4
200,880,2
84,220,4
212,92,2
44,40,230
116,52,18
effects\magic_防御类.fsi,,36
288,180,18
212,96,4
384,460,2
368,332,6
116,56,28
264,140,6
44,44,164
316,160,4
412,440,10
240,100,2
584,932,2
360,420,6
288,184,16
332,292,8
264,144,2
384,464,2
280,272,12
44,48,192
316,164,4
412,444,4
768,352,2
288,188,8
136,460,2
332,296,14
316,168,2
280,276,10
264,148,10
240,108,2
412,448,8
360,428,6
968,828,2
136,464,2
340,100,2
136,468,2
468,340,2
632,768,2
380,280,2
468,344,4
948,512,2
168,320,2
484,476,4
468,348,2
416,176,2
460,436,2
132,280,2
380,288,2
116,152,156
160,412,2
120,36,16
132,284,2
116,156,142
612,452,2
544,308,2
584,484,2
480,292,2
188,180,94
268,332,14
164,140,72
216,160,24
192,80,34
312,440,8
140,100,130
188,184,62
180,272,8
268,336,18
232,292,10
164,144,84
216,164,18
192,84,6
312,444,4
140,104,104
660,440,2
188,188,66
232,296,4
164,148,46
216,168,24
192,88,38
180,276,10
312,448,4
140,108,130
68,100,432
84,232,14
68,104,246
116,60,94
68,108,236
116,64,200
44,52,94
344,300,6
288,192,8
264,152,18
280,280,10
384,472,2
368,344,6
116,68,130
44,56,64
316,172,6
240,112,2
344,304,34
360,432,2
288,196,14
368,348,4
264,156,10
316,176,6
280,284,6
344,308,16
360,436,2
412,456,2
240,116,6
280,288,8
760,456,12
136,476,4
340,112,2
512,452,2
416,180,2
364,160,2
512,456,2
380,292,6
364,164,2
120,40,22
844,332,8
380,296,2
184,460,2
116,160,132
460,448,2
1064,816,2
120,44,8
168,336,2
184,464,2
116,164,72
120,48,10
544,312,2
132,296,4
116,168,56
212,448,2
36,252,2
36,256,2
268,340,2
364,620,8
244,300,6
188,192,50
180,280,6
268,344,8
164,152,38
216,172,22
192,92,18
364,624,10
140,112,150
188,196,50
192,96,52
164,156,68
216,176,20
180,284,8
268,348,8
364,628,2
1188,876,2
312,456,2
140,116,214
244,308,2
180,288,6
84,240,2
68,112,278
84,244,6
68,116,228
44,60,46
116,72,70
368,352,2
264,160,10
44,64,58
316,180,114
116,76,58
360,440,2
240,120,6
344,312,14
280,292,6
264,164,20
44,68,158
316,184,12
368,356,6
344,316,4
360,444,4
240,124,4
968,844,2
384,488,22
316,188,4
264,168,14
280,296,10
412,468,2
240,128,8
548,500,2
340,120,2
512,460,2
112,448,2
444,316,2
632,784,2
364,176,2
416,196,6
264,52,2
120,52,8
116,172,52
120,56,32
544,320,2
116,176,42
144,308,2
36,260,2
544,328,2
36,264,2
1044,512,4
52,396,12
268,352,2
216,180,42
164,160,72
244,312,4
312,460,6
140,120,178
960,484,2
180,292,6
268,356,6
216,184,34
164,164,80
312,464,4
348,508,6
140,124,156
668,372,2
180,296,8
216,188,50
164,168,70
312,468,4
140,128,176
212,912,4
68,120,268
628,208,2
740,616,2
68,124,298
116,80,62
68,128,296
368,360,2
116,84,64
44,72,86
292,300,16
344,320,2
316,192,12
384,492,2
116,88,48
264,172,22
44,76,72
344,324,4
292,304,4
240,132,32
968,852,2
316,196,4
264,176,22
344,328,4
292,308,6
240,136,24
968,856,2
340,132,2
392,304,2
340,136,2
392,308,2
444,328,2
120,60,34
116,180,28
120,64,60
288,676,4
116,184,18
264,68,2
120,68,76
492,312,2
116,188,28
1088,888,2
192,300,4
244,320,2
348,512,4
effects\辅助3.fsi,,28
268,364,6
164,172,52
216,192,34
192,304,2
244,324,2
348,516,2
140,132,200
skill\氤氲紫气89306\氤氲紫气89306.fsi,,38
284,496,6
268,368,2
164,176,56
216,196,22
244,328,2
312,476,2
192,308,6
140,136,174
160,900,4
212,924,2
160,904,2
68,132,188
68,136,268
116,92,114
44,80,60
84,268,4
368,372,4
264,180,8
116,96,196
44,84,74
576,60,2
1264,856,2
292,312,14
240,140,6
968,860,2
368,376,4
264,184,22
44,88,96
516,676,2
360,464,2
292,316,8
240,144,10
264,188,36
360,468,4
240,148,22
428,200,4
428,204,8
392,312,2
effects\攻击2.fsi,,28
428,208,6
364,192,6
340,148,2
792,340,2
288,680,6
460,476,2
264,72,16
144,320,4
120,72,102
792,344,2
116,192,26
264,76,2
120,76,62
96,24,2
568,380,2
492,320,2
520,300,2
116,196,14
316,668,2
96,28,18
568,384,6
568,388,2
544,348,2
520,308,2
1148,724,2
228,200,26
268,372,2
164,180,60
296,504,2
192,312,2
140,140,202
228,204,26
268,376,2
164,184,82
296,508,10
192,316,2
244,336,2
140,144,112
228,208,34
164,188,100
312,488,4
140,148,140
68,140,112
328,200,4
44,100,240
724,508,2
84,272,6
68,144,88
328,204,2
44,104,228
68,148,140
328,208,2
44,108,76
44,92,216
292,320,2
264,192,14
44,96,166
240,152,4
344,344,4
292,324,8
264,196,10
292,328,2
240,156,14
564,660,4
428,212,4
444,340,4
420,300,2
428,216,20
444,344,2
420,304,2
420,308,4
264,80,6
120,80,66
128,200,34
316,672,2
144,332,2
160,460,2
460,488,2
120,84,56
128,204,46
96,32,12
948,568,2
120,88,82
128,208,36
568,392,2
96,36,24
544,352,2
568,396,2
492,336,4
560,488,2
268,380,2
296,512,18
228,212,38
164,192,72
244,344,2
192,324,4
140,152,90
228,216,42
164,196,70
244,348,6
192,328,2
140,156,134
592,344,2
68,152,204
328,212,4
44,112,40
320,300,8
68,156,102
448,536,2
44,116,74
328,216,6
320,304,10
276,200,6
84,288,2
948,1020,2
344,352,14
276,204,18
320,308,6
240,160,8
276,208,6
360,484,2
292,336,4
344,356,4
240,164,24
640,180,2
240,168,58
376,200,6
92,100,242
340,160,2
92,104,310
420,312,4
340,164,2
444,356,2
428,228,6
496,528,2
92,108,278
168,40,2
340,168,4
168,44,2
820,340,4
128,212,38
120,92,80
96,40,18
128,216,46
120,96,122
96,44,18
596,532,2
120,308,8
96,48,24
560,496,2
492,348,2
220,300,8
220,304,6
228,220,44
176,200,90
268,392,4
244,352,2
220,308,2
192,332,2
228,224,32
176,204,198
140,160,160
996,568,2
1616,1204,2
672,500,4
192,336,2
228,228,30
176,208,116
140,164,94
skill\雾露真水89302\雾露真水89302.fsi,,32
140,168,102
68,160,70
328,220,2
576,228,2
44,120,74
68,164,54
328,224,6
44,124,40
320,312,10
68,168,24
328,228,2
44,128,132
276,212,4
292,340,2
344,360,2
320,316,18
292,344,10
276,216,6
240,172,26
360,496,2
344,368,10
292,348,24
240,176,18
428,232,2
392,340,2
376,212,6
92,112,312
420,320,4
376,216,4
92,116,278
524,516,8
420,324,4
168,52,2
168,56,8
128,220,32
144,352,2
196,524,2
128,224,26
120,312,2
96,52,40
128,228,12
96,56,66
120,316,2
520,332,2
544,376,2
220,312,14
364,680,2
192,340,2
220,316,6
348,552,2
176,212,46
228,232,48
668,1016,2
244,364,2
176,216,26
140,172,66
228,236,38
576,232,2
244,368,6
140,176,70
68,172,22
328,232,4
44,132,62
424,512,2
620,348,4
320,320,254
68,176,8
448,556,2
172,48,4
328,236,4
44,136,20
544,836,2
276,220,14
320,324,4
276,224,2
320,328,2
344,372,4
240,180,20
292,356,6
344,376,6
276,228,10
240,184,20
124,500,20
240,188,16
140,632,2
92,120,502
404,200,4
524,520,4
944,868,2
472,500,2
340,180,4
376,224,2
92,124,418
404,204,4
392,356,8
376,228,2
92,128,494
524,528,8
404,208,20
168,60,4
420,336,2
340,188,6
168,64,10
168,68,12
128,232,18
96,60,60
120,320,6
608,400,2
128,236,26
96,64,60
544,380,2
96,68,124
528,256,2
544,384,4
220,320,6
220,324,4
176,220,42
228,240,38
220,328,12
296,544,6
244,372,2
176,224,62
140,180,58
228,244,20
192,352,8
724,540,2
192,356,10
1204,1180,2
244,376,12
176,228,38
140,184,46
228,248,22
604,224,2
140,188,58
68,180,14
172,52,6
44,140,60
328,240,4
424,520,2
20,100,10
68,184,4
44,144,14
328,244,2
172,56,12
304,204,4
68,188,46
44,148,86
292,360,4
320,336,6
276,232,12
304,208,6
24,12,14
344,384,4
292,364,2
276,236,14
240,192,8
24,16,48
292,368,2
344,388,4
240,196,22
496,552,2
376,232,2
392,360,32
444,380,8
92,132,444
404,212,2
720,368,2
508,404,2
420,340,2
428,256,2
340,192,4
92,136,374
404,216,4
392,368,2
340,196,10
420,348,2
168,72,10
128,240,32
168,76,12
104,200,30
128,244,14
104,204,16
96,72,84
120,332,2
144,376,2
128,248,12
104,208,22
96,76,102
528,264,2
544,392,2
544,396,2
492,376,2
272,500,4
204,200,54
220,332,6
204,204,26
192,360,10
220,336,8
176,232,42
228,252,6
204,208,34
228,256,4
244,384,2
176,236,50
140,192,98
696,572,2
244,388,4
140,196,130
172,60,4
476,700,2
528,720,2
68,192,16
172,64,8
44,152,16
328,252,4
620,368,2
320,340,4
408,404,4
304,212,4
68,196,16
328,256,2
44,156,12
172,68,8
20,116,2
304,216,2
276,240,18
24,20,60
336,76,2
320,348,2
276,244,8
24,24,228
276,248,8
344,396,4
292,376,4
24,28,700
756,416,2
376,240,2
92,140,290
404,220,4
352,200,10
500,500,2
376,244,8
392,372,2
92,144,156
352,204,2
404,224,12
620,824,2
428,268,2
376,248,2
92,148,166
392,376,6
352,208,2
420,356,2
404,228,2
168,80,30
168,84,40
128,252,8
168,88,80
104,212,14
96,80,98
128,256,6
104,216,4
96,84,112
648,592,2
476,252,2
144,388,6
96,88,116
340,64,2
48,340,2
492,384,2
504,236,2
308,400,6
308,404,2
220,340,4
204,212,32
228,260,12
204,216,38
176,240,20
244,392,2
228,264,12
176,244,40
228,268,10
176,248,18
592,392,2
620,372,2
552,224,2
96,332,4
592,396,2
172,72,4
44,160,8
328,260,6
408,412,2
372,520,12
672,548,2
252,200,20
400,500,4
168,888,2
44,164,10
172,76,14
372,524,6
304,224,10
252,204,12
328,268,4
336,84,2
20,128,2
372,528,8
304,228,2
276,252,26
292,380,4
252,208,14
24,32,42
336,88,2
276,256,24
24,36,62
24,8,2
652,236,2
628,740,2
456,400,2
376,252,2
392,380,4
92,152,138
472,532,2
720,388,2
352,212,4
420,360,2
404,232,12
376,256,2
392,384,2
92,156,128
44,620,2
352,216,4
420,364,2
392,388,6
208,404,2
168,92,80
168,96,24
128,260,2
104,220,18
144,392,2
128,264,2
96,92,202
104,224,10
608,432,2
452,220,4
556,412,4
128,268,4
104,228,8
96,96,192
100,28,6
556,416,2
520,372,4
476,268,2
492,396,2
504,248,2
452,228,2
152,200,44
204,220,14
220,352,4
152,204,34
204,224,50
300,504,2
908,904,2
324,548,2
176,252,6
220,356,22
152,208,14
228,272,16
204,228,22
300,508,16
176,256,16
228,276,16
340,684,2
172,80,28
620,384,2
408,420,2
168,896,2
328,272,2
172,84,48
44,172,8
320,360,2
372,532,6
620,388,4
356,404,10
408,424,2
72,304,2
252,212,20
328,276,6
44,176,4
172,88,94
372,536,2
424,556,2
336,92,10
356,408,2
304,236,12
320,364,8
408,428,2
276,260,10
252,216,16
400,516,2
24,40,88
396,584,2
336,96,4
320,368,2
276,264,20
24,44,48
292,396,2
276,268,12
24,48,14
756,436,4
376,260,4
92,160,142
652,248,2
352,220,4
376,264,4
392,392,2
92,164,88
352,224,10
456,416,2
508,436,2
404,244,4
428,288,2
376,268,6
92,168,42
352,228,2
420,376,4
104,232,2
100,32,4
104,236,10
100,36,20
556,424,2
520,380,2
452,232,2
528,296,4
256,400,2
556,428,2
308,420,2
340,88,6
152,212,20
204,232,70
300,512,8
272,536,2
92,628,2
228,280,2
176,260,8
220,364,2
152,216,30
204,236,90
220,368,2
176,264,2
552,240,4
228,288,8
176,268,10
328,280,16
172,92,48
620,396,2
72,312,2
20,140,2
356,412,4
252,220,10
304,240,10
1328,960,2
328,284,4
172,96,30
320,372,8
20,144,2
304,244,10
408,436,12
356,416,6
252,224,16
400,524,2
328,288,4
304,248,6
276,272,12
320,376,8
252,228,12
24,52,6
1276,948,2
276,276,6
24,56,14
108,420,2
756,444,12
756,448,4
336,100,4
628,760,2
428,292,2
376,272,2
92,172,54
336,104,2
404,252,2
420,380,2
428,296,2
376,276,42
92,176,50
508,448,2
352,236,134
456,428,2
420,384,6
684,104,2
128,280,2
104,240,6
100,40,18
1024,768,4
104,244,20
476,280,2
100,44,10
128,288,6
120,376,2
104,248,4
476,284,2
340,92,8
100,48,26
452,244,2
608,456,6
476,288,2
340,96,6
452,248,6
92,632,26
152,220,28
204,240,12
784,116,2
220,372,2
92,636,76
308,436,2
152,224,10
204,244,38
176,272,6
152,228,24
228,292,6
204,248,10
228,296,4
176,276,2
700,552,2
576,296,2
408,440,8
236,100,6
44,192,2
328,292,4
320,380,4
408,444,2
356,424,6
252,232,18
304,252,6
732,400,2
328,296,20
236,108,4
252,236,20
304,256,20
356,428,2
320,384,6
408,448,2
276,280,16
24,60,10
732,404,2
276,284,20
320,388,2
24,64,10
276,288,30
24,68,2
376,280,4
92,180,42
404,260,2
352,240,4
376,284,6
92,184,36
404,264,2
576,756,2
508,456,2
856,452,2
376,288,2
92,188,52
352,248,6
128,292,6
156,424,2
104,252,4
100,52,36
384,100,14
128,296,2
100,56,84
384,104,8
504,276,2
92,640,4
308,440,2
136,100,108
532,408,2
600,556,2
220,380,2
308,444,10
204,252,12
136,104,120
152,232,20
632,400,2
256,428,2
220,384,4
176,280,4
152,236,10
204,256,8
136,108,136
588,300,2
176,284,6
220,388,4
176,288,14
588,308,2
236,112,4
252,240,12
356,432,4
408,452,2
304,260,8
236,116,10
304,264,12
252,244,12
304,268,8
276,292,34
252,248,8
24,72,2
276,296,6
24,76,26
508,460,2
284,100,14
432,400,2
1516,1100,2
376,292,2
92,192,32
284,104,2
352,252,4
432,404,6
92,196,36
284,108,2
352,256,2
508,468,2
404,276,2
432,408,2
1556,1128,2
208,448,2
100,60,78
148,20,4
488,300,2
100,64,70
452,260,2
148,24,4
76,12,2
488,304,2
244,68,2
100,68,62
148,28,20
880,412,2
48,392,2
452,268,2
256,432,2
136,112,154
152,240,10
204,260,8
48,396,12
308,456,2
136,116,160
152,244,4
204,264,8
208,900,2
300,544,2
632,412,2
176,292,6
220,396,2
204,268,14
208,904,2
300,548,2
588,312,2
176,296,4
580,404,4
700,572,6
144,892,2
356,440,4
408,460,2
184,100,40
332,400,2
236,124,2
408,464,2
252,252,14
184,104,28
304,272,54
304,276,44
236,128,8
252,256,12
184,108,20
332,408,4
24,84,8
612,108,2
108,452,2
24,88,2
388,300,2
508,472,2
456,452,2
284,112,4
352,260,4
388,304,2
404,280,4
508,476,2
284,116,2
352,264,6
404,284,4
432,416,2
352,268,4
404,288,2
208,456,2
104,272,2
156,444,56
244,72,2
100,72,102
488,312,2
76,20,4
104,276,4
100,76,100
488,316,2
148,36,2
76,24,2
384,124,2
600,572,2
76,28,8
452,276,6
136,120,188
412,108,2
232,400,6
532,428,2
956,484,6
308,464,2
204,272,26
152,252,6
136,124,210
300,552,4
632,420,2
760,108,4
204,276,18
308,468,4
152,256,14
136,128,134
632,424,2
512,104,2
588,324,2
580,412,2
156,904,4
588,328,6
288,300,8
408,472,2
288,304,4
304,280,8
236,132,32
252,260,8
184,112,44
408,476,2
356,456,2
288,308,6
252,264,12
184,116,24
304,284,12
236,136,20
332,416,2
372,588,2
304,288,6
252,268,14
24,92,16
584,140,2
24,96,16
652,296,10
284,120,4
432,420,6
108,468,2
352,272,6
284,124,6
432,424,2
208,460,4
284,128,2
404,296,2
380,408,2
788,336,8
156,452,4
100,80,134
488,320,2
148,40,2
104,284,2
100,84,128
452,280,2
148,44,2
76,32,8
516,304,2
104,288,2
100,88,174
452,284,2
76,36,10
188,300,6
584,608,2
932,452,2
452,288,4
308,472,4
152,260,2
188,304,4
204,280,4
136,132,178
932,456,2
736,620,4
152,264,2
308,476,2
204,284,2
188,308,2
136,136,190
152,268,12
204,288,16
512,116,2
484,144,2
552,296,4
16,4,2
408,480,2
356,460,2
184,120,34
236,140,20
332,420,2
280,400,16
212,100,14
392,64,2
16,8,18
252,272,8
304,292,12
356,464,2
288,316,6
184,124,32
236,144,38
332,424,2
80,12,4
280,404,10
212,104,8
252,276,2
304,296,22
184,128,32
236,148,30
280,408,2
212,108,4
416,300,2
336,152,2
284,132,6
416,304,2
432,432,4
336,156,2
352,284,4
284,136,4
456,476,2
388,328,4
380,416,2
416,308,6
208,472,2
352,288,2
132,412,2
208,476,4
104,292,4
244,92,2
100,92,186
76,40,28
516,312,2
388,96,2
100,96,240
148,56,8
76,44,16
480,424,2
188,312,4
136,140,152
76,48,22
232,420,2
112,100,118
308,484,6
152,272,10
204,292,14
136,144,132
112,104,116
308,488,2
152,276,2
204,296,10
136,148,134
112,108,180
208,936,2
512,128,2
156,924,2
484,156,2
288,320,4
460,116,4
316,300,10
252,280,10
356,472,2
236,152,94
184,132,48
152,32,2
332,432,2
316,304,10
212,112,6
688,340,2
880,900,2
252,284,2
356,476,2
288,328,8
184,136,30
236,156,18
80,24,20
332,436,6
280,416,2
316,308,12
212,116,18
252,288,8
80,28,2
456,480,2
284,140,6
416,312,2
260,100,2
312,120,2
432,440,4
284,144,4
388,336,2
352,292,6
336,164,4
380,424,2
260,104,2
312,124,2
432,444,2
416,316,2
780,440,4
988,824,2
336,168,80
208,480,2
352,296,2
284,148,28
432,448,2
260,108,6
780,444,8
516,320,2
464,300,4
148,64,18
76,52,36
188,320,2
488,348,4
148,68,16
76,56,46
464,308,2
216,300,10
760,132,2
152,280,2
188,324,4
136,152,92
216,304,2
232,432,2
112,112,266
152,284,2
188,328,2
308,496,6
136,156,124
336,628,2
216,308,8
232,436,2
112,116,266
564,304,2
484,160,2
356,480,2
236,160,22
184,140,22
316,312,6
212,120,66
160,100,76
72,384,10
236,164,22
252,292,6
184,144,42
152,44,2
296,44,2
80,32,12
332,444,8
280,424,2
212,124,14
160,104,130
316,316,6
236,168,28
252,296,8
184,148,64
80,36,18
332,448,4
280,428,4
212,128,16
160,108,82
688,356,2
88,100,300
88,104,320
88,108,250
388,340,2
416,320,2
364,300,6
284,152,26
388,344,2
336,172,2
416,324,2
312,132,2
260,112,2
816,340,4
284,156,20
388,348,4
312,136,4
260,116,6
416,328,6
380,436,6
364,308,2
816,344,8
132,436,6
116,308,4
148,72,14
76,60,86
532,460,2
516,332,2
148,76,90
76,64,136
464,316,2
384,168,2
188,332,4
256,480,2
76,68,122
136,160,144
216,312,10
112,120,316
668,500,4
136,164,112
216,316,10
112,124,264
136,168,90
232,448,2
112,128,272
580,452,2
288,340,6
580,456,6
264,300,12
316,320,16
288,344,4
184,152,58
236,172,18
80,40,36
264,304,10
332,452,6
280,432,2
160,112,114
316,324,6
212,132,14
152,52,2
288,348,4
184,156,74
236,176,16
152,56,14
332,456,6
280,436,6
80,44,34
264,308,10
160,116,108
316,328,10
212,136,36
664,324,2
80,48,44
88,112,310
80,200,32
100,584,2
88,116,380
80,204,6
512,604,4
468,500,6
284,160,10
80,208,4
388,352,4
260,120,6
468,504,2
416,332,4
388,356,12
284,164,16
336,184,2
312,144,4
260,124,4
468,508,2
416,336,2
432,464,2
284,168,8
336,188,4
132,440,10
260,128,2
312,148,8
132,444,4
1036,844,2
132,448,2
488,360,2
148,80,68
516,340,2
148,84,34
76,72,120
480,452,2
148,88,54
76,76,118
516,348,2
164,300,4
216,320,8
188,344,4
136,172,98
164,304,2
216,324,12
112,132,264
188,348,2
136,176,88
216,328,4
112,136,300
580,460,4
588,376,2
288,352,8
184,160,58
236,180,32
280,440,2
332,460,8
264,312,10
160,120,102
212,140,46
152,60,2
648,200,2
288,356,6
184,164,56
236,184,38
152,64,16
316,336,2
332,464,6
264,316,6
160,124,116
212,144,52
80,52,44
664,332,4
184,168,46
236,188,22
332,468,2
160,128,84
212,148,28
152,68,18
80,56,66
88,120,490
560,144,2
88,124,370
80,212,4
88,128,340
80,216,2
388,360,8
416,340,2
364,320,2
316,88,4
388,364,2
284,172,18
336,192,2
312,152,4
380,452,2
260,132,4
effects\防御2.fsi,,28
388,368,4
284,176,6
312,156,6
260,136,6
964,816,2
116,328,2
148,92,36
76,80,174
480,460,2
532,480,2
148,96,56
76,84,146
320,60,2
360,144,4
532,484,2
136,180,72
76,88,178
188,352,6
360,148,2
216,332,2
112,140,260
548,200,2
188,356,2
136,184,60
164,316,8
216,336,4
112,144,214
136,188,88
112,148,180
32,236,2
288,360,4
368,512,2
460,156,2
316,340,2
264,320,6
288,364,2
184,172,54
236,192,32
316,344,2
264,324,6
160,132,94
212,152,20
152,72,18
80,60,104
184,176,42
236,196,34
264,328,2
316,348,6
332,476,2
160,136,102
212,156,24
152,76,36
80,64,102
688,384,2
180,900,2
640,304,4
80,68,104
88,132,428
88,136,536
348,200,10
80,228,2
284,180,22
388,372,4
260,140,4
312,160,2
380,460,2
416,352,4
364,332,4
388,376,2
284,184,12
348,208,2
364,336,4
380,464,2
416,356,2
260,144,14
312,164,4
284,188,12
260,148,6
380,468,2
312,168,12
696,208,2
844,508,2
132,468,10
76,92,244
412,172,2
532,492,2
384,196,2
76,96,258
464,348,40
320,72,2
216,340,2
480,476,6
136,192,112
164,324,4
216,344,2
112,152,194
136,196,90
180,456,2
164,328,6
216,348,6
112,156,148
232,476,2
132,920,2
616,364,2
616,368,2
32,240,2
1236,872,2
368,520,24
580,484,2
248,200,10
288,372,4
184,180,60
368,524,30
264,332,4
212,160,24
152,80,46
160,140,116
248,204,12
288,376,6
184,184,38
264,336,4
332,484,2
212,164,24
152,84,14
80,72,92
160,144,76
248,208,4
784,672,2
932,972,2
184,188,56
212,168,20
152,88,46
80,76,126
160,148,114
88,140,254
64,100,352
616,820,2
88,144,262
8,12,10
80,232,8
64,104,216
88,148,288
80,236,2
64,108,160
388,380,6
364,340,2
348,212,2
416,360,4
340,300,6
388,384,2
284,192,10
536,684,2
364,344,2
416,364,2
312,172,8
260,152,14
340,304,4
388,388,6
284,196,10
380,476,2
364,348,2
312,176,8
260,156,12
340,308,8
132,472,2
440,300,4
396,200,12
480,480,2
396,204,6
412,180,2
396,208,2
412,184,2
516,376,2
148,200,36
320,84,2
216,352,6
148,204,28
112,160,202
224,44,2
188,376,2
216,356,26
148,208,22
112,164,140
112,168,70
16,120,2
32,252,2
512,188,2
264,340,2
316,360,2
368,532,10
248,212,16
360,620,4
240,300,4
skill\乾坤清定89309\乾坤清定89309.fsi,,36
184,192,34
316,364,2
248,216,4
80,80,5574
160,152,92
212,172,32
152,92,64
240,304,2
184,196,34
332,496,2
280,476,2
264,348,8
80,84,172
160,156,72
212,176,58
152,96,128
240,308,8
716,384,2
80,88,164
88,152,156
8,20,6
64,112,170
88,156,168
8,24,4
64,116,230
296,200,10
388,392,4
416,372,2
296,204,4
364,352,2
260,160,8
348,224,6
312,180,6
340,312,6
364,356,8
296,208,26
260,164,16
416,376,4
312,184,10
340,316,2
380,488,30
260,168,14
312,188,14
448,220,2
448,224,2
396,212,2
360,172,2
336,680,2
360,176,2
216,360,4
412,196,2
148,212,18
164,344,2
148,216,36
112,172,42
224,56,38
616,380,2
232,496,2
216,368,2
112,176,44
68,308,2
196,200,30
248,220,10
288,392,2
264,352,8
196,204,36
160,160,98
248,224,20
212,180,40
240,312,4
288,396,2
264,356,10
316,376,4
196,208,28
160,164,82
248,228,22
212,184,40
80,92,246
240,316,4
648,244,2
280,488,2
160,168,72
212,188,46
80,96,202
88,160,158
64,120,240
180,936,2
88,164,118
80,252,2
64,124,274
88,168,88
64,128,276
444,508,2
416,380,2
364,360,2
296,212,8
340,320,6
312,192,6
348,236,2
416,384,6
364,364,4
296,216,4
260,172,18
340,324,2
312,196,4
416,388,2
364,368,4
260,176,16
340,328,4
212,644,2
448,232,2
132,496,4
396,220,6
852,1020,2
396,224,4
360,180,2
396,228,2
148,220,12
360,188,2
112,180,38
668,560,2
148,228,10
112,184,36
140,316,2
224,68,4
496,224,2
112,188,26
548,248,2
616,396,4
564,376,2
1248,904,2
316,380,4
196,212,30
248,232,10
240,320,4
344,512,8
264,364,4
280,492,4
248,236,22
316,384,6
196,216,12
160,172,42
212,192,38
240,324,2
344,516,8
280,496,2
160,176,74
212,196,22
240,328,4
88,172,62
64,132,114
444,512,12
88,176,90
80,264,6
64,136,142
444,516,10
348,240,4
296,220,4
80,268,4
348,244,8
364,372,4
260,180,22
296,224,4
340,332,4
468,568,2
296,228,2
364,376,2
348,248,4
260,184,16
340,336,4
260,188,8
424,200,6
940,828,2
88,632,4
448,248,2
424,208,6
396,232,6
56,12,16
216,380,2
148,232,4
224,72,2
628,400,2
216,384,8
148,236,12
112,192,18
140,324,4
224,76,4
628,404,2
216,388,8
112,196,24
564,384,4
592,516,2
16,152,2
1696,1404,4
248,240,36
196,220,18
224,200,20
316,392,4
196,224,16
160,180,102
248,244,18
344,524,2
292,504,2
224,204,24
264,376,2
316,396,2
196,228,18
160,184,70
248,248,20
224,208,38
160,188,60
88,180,44
64,140,96
444,520,6
392,500,2
324,200,4
40,100,104
88,184,42
80,272,2
64,144,72
40,104,100
88,188,54
8,56,4
64,148,96
324,208,2
364,380,8
40,108,68
296,232,10
340,340,6
296,236,4
348,256,4
364,384,6
260,192,12
340,344,6
364,388,6
260,196,14
340,348,6
448,252,2
440,340,2
424,212,8
560,660,2
544,532,2
396,240,2
424,216,2
396,244,2
440,348,2
56,20,8
944,560,2
464,396,2
396,248,6
148,240,8
128,36,2
56,24,4
124,200,60
216,392,2
312,672,2
56,28,10
224,84,4
124,204,34
944,568,2
628,412,2
124,208,44
628,416,2
540,352,2
16,160,2
564,396,4
264,380,2
196,232,12
248,252,18
344,532,2
292,512,4
240,340,6
224,212,16
248,256,4
196,236,30
160,192,42
240,344,2
224,216,24
264,388,2
160,196,48
240,348,10
640,364,2
428,400,2
88,192,38
8,60,4
64,152,54
324,212,6
444,532,2
40,112,46
88,196,44
64,156,58
60,16,8
348,260,4
428,408,6
296,240,18
40,116,68
296,244,4
364,392,4
340,352,6
364,396,2
296,248,8
348,268,2
948,756,2
448,260,2
424,220,4
424,224,2
440,352,2
520,504,2
372,208,2
424,228,8
520,508,6
396,256,2
56,32,40
128,44,4
148,252,8
228,404,2
128,48,4
224,92,12
56,36,90
124,212,18
756,108,2
576,400,2
148,256,8
140,344,4
224,96,4
228,408,4
124,216,14
548,272,2
628,424,4
540,360,2
508,104,2
576,404,4
548,276,2
628,428,2
524,236,2
472,216,2
540,364,4
328,404,2
44,308,6
248,260,8
328,408,2
196,240,38
344,540,2
172,200,30
224,220,40
1456,1092,2
248,264,6
196,244,40
172,204,62
224,224,60
132,20,32
196,248,10
248,268,12
240,356,2
172,208,100
224,228,54
132,24,16
64,160,58
60,20,10
324,220,2
40,120,122
272,200,12
600,208,2
420,500,4
80,292,2
64,164,24
324,224,4
40,124,40
272,204,6
420,504,2
64,168,24
444,548,2
324,228,4
348,272,2
60,28,8
296,252,14
272,208,22
40,128,84
340,360,2
348,276,2
296,256,18
340,368,8
492,532,2
528,424,2
520,512,8
396,260,2
520,516,8
440,368,4
128,52,32
56,40,112
928,448,18
396,268,4
148,260,8
228,412,6
124,220,18
128,56,20
56,44,104
228,416,2
124,224,40
56,48,60
524,240,24
508,112,6
576,412,4
148,268,8
124,228,24
524,244,4
508,116,14
992,560,2
16,180,2
548,288,2
472,228,2
540,376,2
320,500,4
1196,920,2
328,416,2
276,400,4
196,252,12
248,272,6
360,680,4
276,404,6
172,212,92
224,232,48
240,360,6
248,276,4
196,256,18
276,408,6
172,216,48
224,236,54
240,364,6
240,368,8
428,420,2
376,400,4
64,172,36
324,232,8
392,532,2
376,404,6
60,32,18
272,212,22
40,132,100
64,176,20
324,236,16
348,280,6
428,428,4
308,108,4
272,216,10
40,136,12
60,36,24
296,260,8
700,212,2
348,284,4
296,264,14
340,372,12
296,268,14
120,500,8
776,436,10
448,280,4
528,432,2
400,200,6
476,416,2
400,204,2
928,452,6
448,288,2
544,568,4
440,376,6
396,272,2
400,208,2
128,60,90
928,456,12
396,276,4
108,100,236
128,64,22
56,52,92
228,424,2
124,232,14
108,104,198
128,68,20
56,56,120
576,420,2
604,400,2
124,236,16
108,108,186
472,232,2
508,124,4
140,368,2
548,296,2
208,100,18
508,128,2
208,104,16
320,512,2
248,280,4
328,428,2
208,108,16
196,260,10
276,412,4
224,240,24
172,220,44
196,264,18
248,284,10
276,416,4
224,244,8
240,372,4
172,224,16
248,288,4
196,268,14
224,248,22
172,228,28
132,44,2
64,180,4
132,48,18
444,560,2
428,432,2
376,412,2
692,568,2
308,112,8
40,140,2
324,240,18
60,40,52
272,220,18
300,200,12
324,244,12
308,116,4
428,436,10
272,224,8
40,144,12
60,44,48
300,204,8
64,188,64
324,248,10
348,292,4
40,148,16
60,48,46
296,272,14
272,228,6
skill\神通降魔89301\神通降魔89301_上层.fsi,,32
340,380,6
300,208,6
872,716,2
776,440,2
348,296,2
296,276,18
340,384,2
776,444,8
776,448,4
504,400,2
448,292,2
492,552,2
476,424,2
372,232,4
424,252,2
440,380,2
400,212,2
504,404,2
424,256,2
440,384,2
372,236,4
400,216,12
396,284,2
128,72,34
56,60,58
148,280,2
396,288,2
228,432,2
124,240,8
108,112,226
128,76,78
56,64,90
176,416,2
228,436,2
124,244,8
108,116,248
56,68,114
1200,1200,8
592,560,2
576,432,2
140,376,2
124,248,4
592,564,2
456,116,4
592,568,2
540,396,4
328,432,6
208,112,10
500,228,2
200,200,68
992,584,2
328,436,2
208,116,22
276,420,4
156,100,80
200,204,34
248,292,2
196,272,14
240,380,8
276,424,6
320,528,2
172,232,30
224,252,16
156,104,92
200,208,22
196,276,6
248,296,4
224,256,6
172,236,18
156,108,102
132,52,30
164,872,2
132,56,58
556,128,2
92,320,2
308,120,6
428,440,2
64,192,6
444,572,2
256,104,4
376,424,2
428,444,4
324,252,12
60,52,56
40,152,2
308,124,8
272,232,10
300,212,8
64,196,14
428,448,2
324,256,8
256,108,6
308,128,4
272,236,8
40,156,2
296,280,6
60,56,70
404,408,2
300,216,12
296,284,12
340,392,4
296,288,6
340,396,4
128,436,2
596,752,2
372,240,8
400,220,2
492,564,2
596,756,2
528,456,2
372,244,4
400,224,8
424,268,8
372,248,2
100,200,14
400,228,10
128,80,84
396,296,2
228,440,10
56,72,72
100,204,16
108,120,340
128,84,50
772,272,2
140,380,4
228,444,2
124,252,6
56,76,88
100,208,20
108,124,224
128,88,128
772,276,4
604,420,2
140,384,2
108,128,300
496,292,4
552,404,2
472,256,2
524,276,2
456,128,2
44,340,2
208,120,26
552,408,2
68,384,6
328,444,6
208,124,40
20,304,2
304,404,2
320,532,2
200,212,50
68,388,8
328,448,10
208,128,18
196,280,10
20,308,6
304,408,10
224,260,14
172,240,4
156,112,136
200,216,22
240,392,2
172,244,20
224,264,10
156,116,118
132,60,12
572,260,2
196,288,6
172,248,38
224,268,16
132,64,46
76,200,8
132,68,10
308,132,2
256,112,30
40,160,2
272,240,12
76,204,28
60,60,818
300,220,12
164,888,2
428,456,2
376,436,4
40,164,14
272,244,10
324,264,4
60,64,74
300,224,12
324,268,2
296,292,6
40,168,4
272,248,14
60,68,104
300,228,4
296,296,6
128,440,6
128,444,2
408,144,2
372,252,4
528,464,2
424,272,4
400,232,6
528,468,2
424,276,2
476,448,2
504,428,4
400,236,8
452,408,2
100,212,16
128,92,124
56,80,74
124,260,2
108,132,286
128,96,84
56,84,96
876,476,2
108,136,276
56,88,166
772,288,2
124,268,4
472,264,2
576,456,2
604,436,2
328,452,2
208,132,28
304,412,4
200,220,12
328,456,4
208,136,24
304,416,10
276,440,2
156,120,108
200,224,20
196,292,8
172,252,14
224,272,16
156,124,142
200,228,14
196,296,10
172,256,14
224,276,10
156,128,112
132,72,38
556,144,2
276,76,4
132,76,64
308,140,2
376,440,2
256,120,8
256,124,10
376,444,4
272,252,12
324,272,2
60,72,132
352,404,2
404,424,2
300,232,6
1256,804,2
392,576,2
376,448,2
324,276,6
308,148,4
272,256,6
60,76,80
352,408,2
300,236,4
528,472,2
372,260,8
400,240,2
504,432,2
424,284,2
372,264,2
400,244,2
424,288,2
100,220,6
928,496,2
176,440,2
100,224,8
108,140,336
56,92,346
772,292,4
1044,796,2
100,228,2
108,144,158
56,96,330
108,148,188
524,292,2
620,572,2
472,276,2
328,460,2
208,140,46
552,428,2
304,420,106
328,464,2
208,144,54
304,424,20
200,232,24
328,468,2
208,148,30
304,428,6
224,280,16
156,132,92
200,236,28
172,260,10
224,284,12
156,136,82
172,264,16
132,80,100
172,268,10
224,288,6
276,84,2
132,84,74
572,284,2
276,88,8
132,88,64
572,288,2
308,152,4
324,280,4
376,452,2
256,132,4
60,80,66
272,260,20
300,240,10
376,456,6
76,228,2
324,284,6
272,264,36
256,136,4
60,84,120
308,156,12
404,436,8
352,416,6
300,244,12
324,288,8
272,268,18
60,88,244
300,248,8
effects\01出现.fsi,,32
672,296,2
476,460,4
528,480,6
504,440,2
332,100,2
128,468,4
356,144,2
372,272,2
424,292,2
452,424,2
400,252,2
332,104,2
424,296,4
528,488,4
400,256,4
100,232,10
176,452,2
100,236,2
108,152,142
124,284,2
176,456,2
108,156,114
300,84,4
204,44,2
472,280,6
552,432,2
300,88,2
328,472,2
208,152,28
252,412,2
200,240,30
208,156,12
304,436,2
200,244,68
156,140,124
172,272,6
224,292,8
156,144,74
200,248,16
172,276,8
224,296,8
156,148,86
276,92,2
132,92,108
572,292,2
132,96,110
256,140,4
376,460,2
308,160,6
600,276,40
576,932,2
352,420,2
404,440,8
232,100,4
376,464,2
324,292,12
256,144,8
60,92,484
308,164,10
272,272,18
352,424,4
300,252,12
40,196,2
272,276,8
324,296,10
256,148,10
60,96,316
308,168,6
404,448,2
232,108,2
352,428,2
300,256,6
476,472,2
372,280,2
436,304,4
452,436,6
372,288,2
100,240,2
400,268,4
100,244,10
108,160,116
124,292,2
176,464,2
108,164,62
300,92,2
204,52,2
604,460,4
380,100,6
108,168,60
204,56,22
432,124,2
380,104,6
472,296,4
208,160,20
304,440,10
132,100,92
328,484,4
208,164,22
252,424,4
304,444,8
200,252,8
132,104,84
44,388,12
328,488,2
208,168,26
172,280,4
252,428,2
304,448,2
156,152,138
200,256,14
132,108,120
584,300,2
172,284,6
156,156,86
704,472,2
584,304,2
172,288,2
876,968,2
336,300,4
272,280,14
376,472,2
308,172,6
256,152,14
404,452,2
336,304,2
300,260,4
352,432,4
232,112,8
272,284,12
256,156,46
428,496,2
308,176,8
336,308,4
352,436,4
300,264,6
272,288,20
300,268,20
632,136,2
356,160,2
452,440,4
128,488,4
408,184,2
436,316,2
452,444,4
400,272,2
836,332,4
280,108,2
504,468,2
836,336,2
100,252,2
680,128,2
100,256,2
108,172,34
204,60,16
108,176,24
204,64,4
500,280,4
108,24,2
36,12,30
484,304,2
204,68,6
484,308,2
108,28,2
36,16,12
236,300,4
44,392,22
328,492,2
208,172,46
356,624,4
236,304,10
200,260,16
132,112,146
44,396,2
328,496,2
208,176,48
356,628,2
200,264,4
236,308,10
156,160,72
132,116,162
156,164,70
200,268,22
172,296,10
156,168,80
256,160,20
308,180,10
336,312,6
180,100,28
232,120,4
308,184,12
272,292,20
256,164,16
336,316,6
232,124,6
180,104,32
300,272,32
376,488,10
308,188,8
272,296,16
256,168,34
352,448,4
180,108,26
300,276,16
232,128,12
128,492,4
436,320,2
172,756,2
408,192,4
436,324,2
452,452,2
384,304,4
504,472,2
400,280,2
280,112,12
408,196,4
280,116,6
504,476,4
384,308,2
280,96,6
204,452,2
184,56,8
400,288,2
204,456,2
108,180,66
108,184,48
204,72,2
380,120,2
36,20,26
108,188,26
348,76,2
204,76,2
484,316,4
108,36,16
380,124,4
604,484,2
36,24,68
952,480,2
456,188,2
208,180,44
500,296,4
380,128,6
36,28,130
236,312,6
132,120,158
688,500,4
208,184,68
236,316,2
200,272,20
304,464,4
132,124,164
208,188,28
304,468,4
276,492,2
200,276,18
156,172,48
132,128,142
584,320,2
276,496,4
156,176,64
52,216,2
556,196,2
336,320,10
284,300,4
4,4,46
376,492,2
308,192,12
256,172,22
352,452,2
180,112,58
336,324,4
300,280,12
232,132,4
284,304,14
4,8,18
736,340,2
76,268,6
308,196,2
256,176,18
300,284,8
336,328,4
352,456,6
180,116,58
232,136,6
284,308,8
300,288,12
384,312,2
280,120,8
436,332,4
104,468,2
280,124,6
184,60,10
676,976,2
400,296,2
280,128,8
332,148,2
136,312,2
184,64,4
600,768,2
1032,800,2
152,444,114
100,272,4
136,316,2
204,464,2
184,68,2
1032,804,2
100,276,2
152,448,2
108,192,20
204,80,6
108,40,24
108,196,18
204,84,8
380,132,6
484,324,2
36,32,80
108,44,14
580,604,2
988,532,2
204,88,20
380,136,2
184,300,10
236,320,4
36,36,306
108,48,18
208,192,54
184,304,16
236,324,4
200,280,6
304,472,4
132,132,232
208,196,38
304,476,2
184,308,4
236,328,8
132,136,230
156,180,74
200,284,6
152,900,2
156,184,54
200,288,10
152,904,2
156,188,62
388,500,2
256,180,18
336,332,8
352,460,6
232,140,26
284,312,6
180,120,38
604,952,2
256,184,32
300,292,8
352,464,4
284,316,8
232,144,18
180,124,32
336,336,10
112,24,2
40,12,32
256,188,30
352,468,2
300,296,2
232,148,20
180,128,50
40,16,8
112,28,20
556,660,4
384,320,2
488,512,2
412,300,2
332,152,2
280,132,2
488,516,2
436,344,2
356,196,2
452,476,6
280,136,4
184,72,18
412,308,2
136,324,26
184,76,28
204,476,4
512,304,2
100,288,2
204,92,22
380,140,2
36,40,248
108,52,22
580,612,2
348,96,4
204,96,16
36,44,210
108,56,44
236,332,24
36,48,146
132,140,148
716,500,4
184,316,2
304,484,2
236,336,14
200,292,10
132,144,160
304,488,6
156,192,24
200,296,8
132,148,148
